issue_type,source_id,referenced_id,detail
evidence_unit_semantic_no_match,1_u1,1,unit_text 唯一命中 clean id=121（parent_id 错位）; sim=0.097 ngram=0.025
evidence_unit_semantic_no_match,1_u2,1,unit_text 唯一命中 clean id=121（parent_id 错位）; sim=0.1302 ngram=0.0217
evidence_unit_semantic_no_match,1_u3,1,unit_text 唯一命中 clean id=121（parent_id 错位）; sim=0.0411 ngram=0.0
evidence_unit_semantic_no_match,1_u4,1,unit_text 唯一命中 clean id=121（parent_id 错位）; sim=0.1184 ngram=0.1034
evidence_unit_semantic_no_match,2_u1,2,unit_text 唯一命中 clean id=122（parent_id 错位）; sim=0.052 ngram=0.0
evidence_unit_semantic_no_match,2_u2,2,unit_text 唯一命中 clean id=122（parent_id 错位）; sim=0.0794 ngram=0.0
evidence_unit_semantic_no_match,2_u3,2,unit_text 唯一命中 clean id=122（parent_id 错位）; sim=0.062 ngram=0.0294
evidence_unit_semantic_no_match,2_u4,2,unit_text 唯一命中 clean id=122（parent_id 错位）; sim=0.0252 ngram=0.0
evidence_unit_semantic_no_match,2_u5,2,unit_text 唯一命中 clean id=122（parent_id 错位）; sim=0.024 ngram=0.0
evidence_unit_semantic_no_match,3_u1,3,unit_text 唯一命中 clean id=123（parent_id 错位）; sim=0.0886 ngram=0.0
evidence_unit_semantic_no_match,3_u2,3,unit_text 唯一命中 clean id=123（parent_id 错位）; sim=0.0894 ngram=0.0
evidence_unit_semantic_no_match,3_u3,3,unit_text 唯一命中 clean id=123（parent_id 错位）; sim=0.0135 ngram=0.0
evidence_unit_semantic_no_match,3_u4,3,unit_text 唯一命中 clean id=123（parent_id 错位）; sim=0.0952 ngram=0.0
evidence_unit_semantic_no_match,3_u5,3,unit_text 唯一命中 clean id=123（parent_id 错位）; sim=0.0629 ngram=0.0
evidence_unit_semantic_no_match,3_u6,3,unit_text 唯一命中 clean id=123（parent_id 错位）; sim=0.0494 ngram=0.0
evidence_unit_semantic_no_match,3_u7,3,unit_text 唯一命中 clean id=123（parent_id 错位）; sim=0.0745 ngram=0.0
evidence_unit_semantic_no_match,3_u8,3,unit_text 唯一命中 clean id=123（parent_id 错位）; sim=0.0548 ngram=0.0
evidence_unit_semantic_no_match,3_u9,3,unit_text 唯一命中 clean id=123（parent_id 错位）; sim=0.0256 ngram=0.0
evidence_unit_semantic_no_match,3_u10,3,unit_text 唯一命中 clean id=123（parent_id 错位）; sim=0.0571 ngram=0.0
evidence_unit_semantic_no_match,3_u11,3,unit_text 唯一命中 clean id=123（parent_id 错位）; sim=0.0875 ngram=0.0
evidence_unit_semantic_no_match,4_u1,4,unit_text 唯一命中 clean id=124（parent_id 错位）; sim=0.0632 ngram=0.0
evidence_unit_semantic_no_match,4_u2,4,unit_text 唯一命中 clean id=124（parent_id 错位）; sim=0.0769 ngram=0.0
evidence_unit_semantic_no_match,4_u3,4,unit_text 唯一命中 clean id=124（parent_id 错位）; sim=0.0661 ngram=0.0
evidence_unit_semantic_no_match,5_u1,5,unit_text 唯一命中 clean id=125（parent_id 错位）; sim=0.0338 ngram=0.0
evidence_unit_semantic_no_match,5_u2,5,unit_text 唯一命中 clean id=125（parent_id 错位）; sim=0.0526 ngram=0.0
evidence_unit_semantic_no_match,5_u3,5,unit_text 唯一命中 clean id=125（parent_id 错位）; sim=0.0165 ngram=0.0
evidence_unit_semantic_no_match,5_u4,5,unit_text 唯一命中 clean id=125（parent_id 错位）; sim=0.0245 ngram=0.0
evidence_unit_semantic_no_match,5_u5,5,unit_text 唯一命中 clean id=125（parent_id 错位）; sim=0.0293 ngram=0.0
evidence_unit_semantic_no_match,5_u6,5,unit_text 唯一命中 clean id=125（parent_id 错位）; sim=0.0165 ngram=0.0
evidence_unit_semantic_no_match,5_u7,5,unit_text 唯一命中 clean id=125（parent_id 错位）; sim=0.0714 ngram=0.0
evidence_unit_semantic_no_match,5_u8,5,unit_text 唯一命中 clean id=125（parent_id 错位）; sim=0.046 ngram=0.0213
evidence_unit_semantic_no_match,5_u9,5,unit_text 唯一命中 clean id=125（parent_id 错位）; sim=0.0586 ngram=0.0
evidence_unit_semantic_no_match,6_u1,6,unit_text 唯一命中 clean id=126（parent_id 错位）; sim=0.0364 ngram=0.0
evidence_unit_semantic_no_match,6_u2,6,unit_text 唯一命中 clean id=126（parent_id 错位）; sim=0.0731 ngram=0.0
evidence_unit_semantic_no_match,6_u3,6,unit_text 唯一命中 clean id=126（parent_id 错位）; sim=0.0933 ngram=0.0
evidence_unit_semantic_no_match,6_u4,6,unit_text 唯一命中 clean id=126（parent_id 错位）; sim=0.0945 ngram=0.0078
evidence_unit_semantic_no_match,6_u5,6,unit_text 唯一命中 clean id=126（parent_id 错位）; sim=0.1145 ngram=0.0
evidence_unit_semantic_no_match,6_u6,6,unit_text 唯一命中 clean id=126（parent_id 错位）; sim=0.0942 ngram=0.0
evidence_unit_semantic_no_match,6_u7,6,unit_text 唯一命中 clean id=126（parent_id 错位）; sim=0.0808 ngram=0.0
evidence_unit_semantic_no_match,6_u8,6,unit_text 唯一命中 clean id=126（parent_id 错位）; sim=0.0503 ngram=0.0
evidence_unit_semantic_no_match,7_u1,7,unit_text 唯一命中 clean id=127（parent_id 错位）; sim=0.0614 ngram=0.0164
evidence_unit_semantic_no_match,7_u2,7,unit_text 唯一命中 clean id=127（parent_id 错位）; sim=0.0579 ngram=0.0
evidence_unit_semantic_no_match,7_u3,7,unit_text 唯一命中 clean id=127（parent_id 错位）; sim=0.0926 ngram=0.0
evidence_unit_semantic_no_match,7_u4,7,unit_text 唯一命中 clean id=127（parent_id 错位）; sim=0.0737 ngram=0.0
evidence_unit_semantic_no_match,8_u1,8,unit_text 唯一命中 clean id=128（parent_id 错位）; sim=0.0508 ngram=0.0
evidence_unit_semantic_no_match,8_u2,8,unit_text 唯一命中 clean id=128（parent_id 错位）; sim=0.0792 ngram=0.0
evidence_unit_semantic_no_match,8_u3,8,unit_text 唯一命中 clean id=128（parent_id 错位）; sim=0.046 ngram=0.0
evidence_unit_semantic_no_match,9_u1,9,unit_text 唯一命中 clean id=129（parent_id 错位）; sim=0.055 ngram=0.0
evidence_unit_semantic_no_match,9_u2,9,unit_text 唯一命中 clean id=129（parent_id 错位）; sim=0.0267 ngram=0.0
evidence_unit_semantic_no_match,10_u1,10,unit_text 唯一命中 clean id=130（parent_id 错位）; sim=0.0933 ngram=0.0
evidence_unit_semantic_no_match,10_u2,10,unit_text 唯一命中 clean id=130（parent_id 错位）; sim=0.0676 ngram=0.0
evidence_unit_semantic_no_match,11_u1,11,unit_text 唯一命中 clean id=131（parent_id 错位）; sim=0.0631 ngram=0.0
evidence_unit_semantic_no_match,11_u2,11,unit_text 唯一命中 clean id=131（parent_id 错位）; sim=0.0483 ngram=0.0
evidence_unit_semantic_no_match,11_u3,11,unit_text 唯一命中 clean id=131（parent_id 错位）; sim=0.0483 ngram=0.0
evidence_unit_semantic_no_match,11_u4,11,unit_text 唯一命中 clean id=131（parent_id 错位）; sim=0.055 ngram=0.0
evidence_unit_semantic_no_match,11_u5,11,unit_text 唯一命中 clean id=131（parent_id 错位）; sim=0.045 ngram=0.0
evidence_unit_semantic_no_match,11_u6,11,unit_text 唯一命中 clean id=131（parent_id 错位）; sim=0.0379 ngram=0.0
evidence_unit_semantic_no_match,11_u7,11,unit_text 唯一命中 clean id=131（parent_id 错位）; sim=0.0498 ngram=0.0
evidence_unit_semantic_no_match,12_u1,12,unit_text 唯一命中 clean id=132（parent_id 错位）; sim=0.0747 ngram=0.0189
evidence_unit_semantic_no_match,13_u1,13,unit_text 唯一命中 clean id=133（parent_id 错位）; sim=0.0173 ngram=0.0
evidence_unit_semantic_no_match,13_u2,13,unit_text 唯一命中 clean id=133（parent_id 错位）; sim=0.0058 ngram=0.0
evidence_unit_semantic_no_match,13_u3,13,unit_text 唯一命中 clean id=133（parent_id 错位）; sim=0.0117 ngram=0.0
evidence_unit_semantic_no_match,14_u1,14,unit_text 唯一命中 clean id=134（parent_id 错位）; sim=0.0585 ngram=0.0
evidence_unit_semantic_no_match,14_u2,14,unit_text 唯一命中 clean id=134（parent_id 错位）; sim=0.0237 ngram=0.0
evidence_unit_semantic_no_match,14_u3,14,unit_text 唯一命中 clean id=134（parent_id 错位）; sim=0.0562 ngram=0.0
evidence_unit_semantic_no_match,15_u1,15,unit_text 唯一命中 clean id=135（parent_id 错位）; sim=0.062 ngram=0.0
evidence_unit_semantic_no_match,15_u2,15,unit_text 唯一命中 clean id=135（parent_id 错位）; sim=0.1208 ngram=0.0
evidence_unit_semantic_no_match,15_u3,15,unit_text 唯一命中 clean id=135（parent_id 错位）; sim=0.1029 ngram=0.0
evidence_unit_semantic_no_match,15_u4,15,unit_text 唯一命中 clean id=135（parent_id 错位）; sim=0.0533 ngram=0.0
evidence_unit_semantic_no_match,15_u5,15,unit_text 唯一命中 clean id=135（parent_id 错位）; sim=0.1143 ngram=0.0
evidence_unit_semantic_no_match,16_u1,16,unit_text 唯一命中 clean id=136（parent_id 错位）; sim=0.0684 ngram=0.0
evidence_unit_semantic_no_match,16_u2,16,unit_text 唯一命中 clean id=136（parent_id 错位）; sim=0.0351 ngram=0.0
evidence_unit_semantic_no_match,16_u3,16,unit_text 唯一命中 clean id=136（parent_id 错位）; sim=0.1127 ngram=0.0
evidence_unit_semantic_no_match,16_u4,16,unit_text 唯一命中 clean id=136（parent_id 错位）; sim=0.08 ngram=0.0
evidence_unit_semantic_no_match,16_u5,16,unit_text 唯一命中 clean id=136（parent_id 错位）; sim=0.0752 ngram=0.0
evidence_unit_semantic_no_match,16_u6,16,unit_text 唯一命中 clean id=136（parent_id 错位）; sim=0.0522 ngram=0.0
evidence_unit_semantic_no_match,17_u1,17,unit_text 唯一命中 clean id=137（parent_id 错位）; sim=0.0411 ngram=0.0
evidence_unit_semantic_no_match,17_u2,17,unit_text 唯一命中 clean id=137（parent_id 错位）; sim=0.0276 ngram=0.0
evidence_unit_semantic_no_match,17_u3,17,unit_text 唯一命中 clean id=137（parent_id 错位）; sim=0.039 ngram=0.0
evidence_unit_semantic_no_match,18_u1,18,unit_text 唯一命中 clean id=138（parent_id 错位）; sim=0.0181 ngram=0.0
evidence_unit_semantic_no_match,18_u2,18,unit_text 唯一命中 clean id=138（parent_id 错位）; sim=0.0317 ngram=0.0
evidence_unit_semantic_no_match,18_u3,18,unit_text 唯一命中 clean id=138（parent_id 错位）; sim=0.0408 ngram=0.0
evidence_unit_semantic_no_match,18_u4,18,unit_text 唯一命中 clean id=138（parent_id 错位）; sim=0.0165 ngram=0.0
evidence_unit_semantic_no_match,19_u1,19,unit_text 唯一命中 clean id=139（parent_id 错位）; sim=0.0811 ngram=0.0
evidence_unit_semantic_no_match,19_u2,19,unit_text 唯一命中 clean id=139（parent_id 错位）; sim=0.098 ngram=0.0
evidence_unit_semantic_no_match,20_u1,20,unit_text 唯一命中 clean id=140（parent_id 错位）; sim=0.0916 ngram=0.0
evidence_unit_semantic_no_match,20_u2,20,unit_text 唯一命中 clean id=140（parent_id 错位）; sim=0.1119 ngram=0.0244
evidence_unit_semantic_no_match,20_u3,20,unit_text 唯一命中 clean id=140（parent_id 错位）; sim=0.1008 ngram=0.0
evidence_unit_semantic_no_match,20_u4,20,unit_text 唯一命中 clean id=140（parent_id 错位）; sim=0.0758 ngram=0.0333
evidence_unit_semantic_no_match,21_u1,21,unit_text 唯一命中 clean id=141（parent_id 错位）; sim=0.0153 ngram=0.0
evidence_unit_semantic_no_match,21_u2,21,unit_text 唯一命中 clean id=141（parent_id 错位）; sim=0.0088 ngram=0.0
evidence_unit_semantic_no_match,22_u1,22,unit_text 唯一命中 clean id=142（parent_id 错位）; sim=0.0824 ngram=0.0
evidence_unit_semantic_no_match,22_u2,22,unit_text 唯一命中 clean id=142（parent_id 错位）; sim=0.0455 ngram=0.0
evidence_unit_semantic_no_match,23_u1,23,unit_text 唯一命中 clean id=143（parent_id 错位）; sim=0.0659 ngram=0.0588
evidence_unit_semantic_no_match,23_u2,23,unit_text 唯一命中 clean id=143（parent_id 错位）; sim=0.1481 ngram=0.0
evidence_unit_semantic_no_match,23_u3,23,unit_text 唯一命中 clean id=143（parent_id 错位）; sim=0.0794 ngram=0.0
evidence_unit_semantic_no_match,24_u1,24,unit_text 唯一命中 clean id=144（parent_id 错位）; sim=0.0465 ngram=0.0
evidence_unit_semantic_no_match,24_u2,24,unit_text 唯一命中 clean id=144（parent_id 错位）; sim=0.1053 ngram=0.0
evidence_unit_semantic_no_match,24_u3,24,unit_text 唯一命中 clean id=144（parent_id 错位）; sim=0.0784 ngram=0.0
evidence_unit_semantic_no_match,24_u4,24,unit_text 唯一命中 clean id=144（parent_id 错位）; sim=0.1053 ngram=0.0
evidence_unit_semantic_no_match,24_u5,24,unit_text 唯一命中 clean id=144（parent_id 错位）; sim=0.0784 ngram=0.0
evidence_unit_semantic_no_match,24_u6,24,unit_text 唯一命中 clean id=144（parent_id 错位）; sim=0.102 ngram=0.0
evidence_unit_semantic_no_match,25_u1,25,unit_text 唯一命中 clean id=145（parent_id 错位）; sim=0.0598 ngram=0.0145
evidence_unit_semantic_no_match,25_u2,25,unit_text 唯一命中 clean id=145（parent_id 错位）; sim=0.025 ngram=0.0
evidence_unit_semantic_no_match,25_u3,25,unit_text 唯一命中 clean id=145（parent_id 错位）; sim=0.0295 ngram=0.0
evidence_unit_semantic_no_match,26_u1,26,unit_text 唯一命中 clean id=146（parent_id 错位）; sim=0.0864 ngram=0.0
evidence_unit_semantic_no_match,26_u2,26,unit_text 唯一命中 clean id=146（parent_id 错位）; sim=0.0816 ngram=0.0
evidence_unit_semantic_no_match,26_u3,26,unit_text 唯一命中 clean id=146（parent_id 错位）; sim=0.099 ngram=0.0
evidence_unit_semantic_no_match,26_u4,26,unit_text 唯一命中 clean id=146（parent_id 错位）; sim=0.0913 ngram=0.0
evidence_unit_semantic_no_match,26_u5,26,unit_text 唯一命中 clean id=146（parent_id 错位）; sim=0.125 ngram=0.0
evidence_unit_semantic_no_match,27_u1,27,unit_text 唯一命中 clean id=147（parent_id 错位）; sim=0.0759 ngram=0.0
evidence_unit_semantic_no_match,27_u2,27,unit_text 唯一命中 clean id=147（parent_id 错位）; sim=0.0748 ngram=0.0
evidence_unit_semantic_no_match,27_u3,27,unit_text 唯一命中 clean id=147（parent_id 错位）; sim=0.0566 ngram=0.0
evidence_unit_semantic_no_match,27_u4,27,unit_text 唯一命中 clean id=147（parent_id 错位）; sim=0.0465 ngram=0.0
evidence_unit_semantic_no_match,28_u1,28,unit_text 唯一命中 clean id=148（parent_id 错位）; sim=0.098 ngram=0.0
evidence_unit_semantic_no_match,28_u2,28,unit_text 唯一命中 clean id=148（parent_id 错位）; sim=0.1772 ngram=0.0
evidence_unit_semantic_no_match,28_u3,28,unit_text 唯一命中 clean id=148（parent_id 错位）; sim=0.2143 ngram=0.1071
evidence_unit_semantic_no_match,28_u4,28,unit_text 唯一命中 clean id=148（parent_id 错位）; sim=0.0988 ngram=0.0
evidence_unit_semantic_no_match,28_u5,28,unit_text 唯一命中 clean id=148（parent_id 错位）; sim=0.1579 ngram=0.0526
evidence_unit_semantic_no_match,29_u1,29,unit_text 唯一命中 clean id=149（parent_id 错位）; sim=0.0083 ngram=0.0
evidence_unit_semantic_no_match,29_u2,29,unit_text 唯一命中 clean id=149（parent_id 错位）; sim=0.0111 ngram=0.0
evidence_unit_semantic_no_match,29_u3,29,unit_text 唯一命中 clean id=149（parent_id 错位）; sim=0.0138 ngram=0.0
evidence_unit_semantic_no_match,29_u4,29,unit_text 唯一命中 clean id=149（parent_id 错位）; sim=0.0166 ngram=0.0
evidence_unit_semantic_no_match,29_u5,29,unit_text 唯一命中 clean id=149（parent_id 错位）; sim=0.0219 ngram=0.0
evidence_unit_semantic_no_match,29_u6,29,unit_text 唯一命中 clean id=149（parent_id 错位）; sim=0.0251 ngram=0.0667
evidence_unit_semantic_no_match,29_u7,29,unit_text 唯一命中 clean id=149（parent_id 错位）; sim=0.0223 ngram=0.0
evidence_unit_semantic_no_match,30_u1,30,unit_text 唯一命中 clean id=150（parent_id 错位）; sim=0.0641 ngram=0.0
evidence_unit_semantic_no_match,30_u2,30,unit_text 唯一命中 clean id=150（parent_id 错位）; sim=0.0936 ngram=0.0286
evidence_unit_semantic_no_match,30_u3,30,unit_text 唯一命中 clean id=150（parent_id 错位）; sim=0.0805 ngram=0.0256
evidence_unit_semantic_no_match,31_u1,31,unit_text 唯一命中 clean id=151（parent_id 错位）; sim=0.0243 ngram=0.0
evidence_unit_semantic_no_match,31_u2,31,unit_text 唯一命中 clean id=151（parent_id 错位）; sim=0.005 ngram=0.0
evidence_unit_semantic_no_match,31_u3,31,unit_text 唯一命中 clean id=151（parent_id 错位）; sim=0.0329 ngram=0.0
evidence_unit_semantic_no_match,32_u1,32,unit_text 唯一命中 clean id=152（parent_id 错位）; sim=0.0583 ngram=0.0
evidence_unit_semantic_no_match,32_u2,32,unit_text 唯一命中 clean id=152（parent_id 错位）; sim=0.037 ngram=0.0
evidence_unit_semantic_no_match,33_u1,33,unit_text 唯一命中 clean id=153（parent_id 错位）; sim=0.0959 ngram=0.0
evidence_unit_semantic_no_match,33_u2,33,unit_text 唯一命中 clean id=153（parent_id 错位）; sim=0.0625 ngram=0.0
evidence_unit_semantic_no_match,33_u3,33,unit_text 唯一命中 clean id=153（parent_id 错位）; sim=0.0247 ngram=0.0
evidence_unit_semantic_no_match,34_u1,34,unit_text 唯一命中 clean id=154（parent_id 错位）; sim=0.0833 ngram=0.0
evidence_unit_semantic_no_match,34_u2,34,unit_text 唯一命中 clean id=154（parent_id 错位）; sim=0.1913 ngram=0.0
evidence_unit_semantic_no_match,34_u3,34,unit_text 唯一命中 clean id=154（parent_id 错位）; sim=0.112 ngram=0.0
evidence_unit_semantic_no_match,34_u4,34,unit_text 唯一命中 clean id=154（parent_id 错位）; sim=0.0769 ngram=0.0
evidence_unit_semantic_no_match,35_u1,35,unit_text 唯一命中 clean id=155（parent_id 错位）; sim=0.075 ngram=0.0227
evidence_unit_semantic_no_match,35_u2,35,unit_text 唯一命中 clean id=155（parent_id 错位）; sim=0.0627 ngram=0.0
evidence_unit_semantic_no_match,35_u3,35,unit_text 唯一命中 clean id=155（parent_id 错位）; sim=0.0446 ngram=0.0
evidence_unit_semantic_no_match,35_u4,35,unit_text 唯一命中 clean id=155（parent_id 错位）; sim=0.0283 ngram=0.0
evidence_unit_semantic_no_match,35_u5,35,unit_text 唯一命中 clean id=155（parent_id 错位）; sim=0.0586 ngram=0.0
evidence_unit_semantic_no_match,35_u6,35,unit_text 唯一命中 clean id=155（parent_id 错位）; sim=0.0362 ngram=0.0
evidence_unit_semantic_no_match,35_u7,35,unit_text 唯一命中 clean id=155（parent_id 错位）; sim=0.0091 ngram=0.0
evidence_unit_semantic_no_match,35_u8,35,unit_text 唯一命中 clean id=155（parent_id 错位）; sim=0.0278 ngram=0.0
evidence_unit_semantic_no_match,35_u9,35,unit_text 唯一命中 clean id=155（parent_id 错位）; sim=0.0374 ngram=0.0
evidence_unit_semantic_no_match,36_u1,36,unit_text 唯一命中 clean id=156（parent_id 错位）; sim=0.0873 ngram=0.0278
evidence_unit_semantic_no_match,36_u2,36,unit_text 唯一命中 clean id=156（parent_id 错位）; sim=0.0721 ngram=0.0
evidence_unit_semantic_no_match,36_u3,36,unit_text 唯一命中 clean id=156（parent_id 错位）; sim=0.0622 ngram=0.0
evidence_unit_semantic_no_match,37_u1,37,unit_text 唯一命中 clean id=157（parent_id 错位）; sim=0.0265 ngram=0.0
evidence_unit_semantic_no_match,37_u2,37,unit_text 唯一命中 clean id=157（parent_id 错位）; sim=0.069 ngram=0.0
evidence_unit_semantic_no_match,37_u3,37,unit_text 唯一命中 clean id=157（parent_id 错位）; sim=0.1467 ngram=0.0
evidence_unit_semantic_no_match,38_u1,38,unit_text 唯一命中 clean id=158（parent_id 错位）; sim=0.1094 ngram=0.0333
evidence_unit_semantic_no_match,38_u2,38,unit_text 唯一命中 clean id=158（parent_id 错位）; sim=0.1449 ngram=0.025
evidence_unit_semantic_no_match,38_u3,38,unit_text 唯一命中 clean id=158（parent_id 错位）; sim=0.087 ngram=0.0
evidence_unit_semantic_no_match,38_u4,38,unit_text 唯一命中 clean id=158（parent_id 错位）; sim=0.1103 ngram=0.0227
evidence_unit_semantic_no_match,38_u5,38,unit_text 唯一命中 clean id=158（parent_id 错位）; sim=0.0741 ngram=0.0
evidence_unit_semantic_no_match,38_u6,38,unit_text 唯一命中 clean id=158（parent_id 错位）; sim=0.1094 ngram=0.0
evidence_unit_semantic_no_match,38_u7,38,unit_text 唯一命中 clean id=158（parent_id 错位）; sim=0.0595 ngram=0.0145
evidence_unit_semantic_no_match,39_u1,39,unit_text 唯一命中 clean id=159（parent_id 错位）; sim=0.0194 ngram=0.0
evidence_unit_semantic_no_match,39_u2,39,unit_text 唯一命中 clean id=159（parent_id 错位）; sim=0.0171 ngram=0.0
evidence_unit_semantic_no_match,39_u3,39,unit_text 唯一命中 clean id=159（parent_id 错位）; sim=0.0828 ngram=0.0
evidence_unit_semantic_no_match,39_u4,39,unit_text 唯一命中 clean id=159（parent_id 错位）; sim=0.1765 ngram=0.0833
evidence_unit_semantic_no_match,39_u5,39,unit_text 唯一命中 clean id=159（parent_id 错位）; sim=0.0594 ngram=0.0
evidence_unit_semantic_no_match,40_u1,40,unit_text 唯一命中 clean id=160（parent_id 错位）; sim=0.0619 ngram=0.0
evidence_unit_semantic_no_match,40_u2,40,unit_text 唯一命中 clean id=160（parent_id 错位）; sim=0.067 ngram=0.0
evidence_unit_semantic_no_match,41_u1,41,unit_text 唯一命中 clean id=161（parent_id 错位）; sim=0.1 ngram=0.0
evidence_unit_semantic_no_match,41_u2,41,unit_text 唯一命中 clean id=161（parent_id 错位）; sim=0.0442 ngram=0.0
evidence_unit_semantic_no_match,42_u1,42,unit_text 唯一命中 clean id=162（parent_id 错位）; sim=0.0248 ngram=0.0
evidence_unit_semantic_no_match,42_u2,42,unit_text 唯一命中 clean id=162（parent_id 错位）; sim=0.073 ngram=0.0
evidence_unit_semantic_no_match,42_u3,42,unit_text 唯一命中 clean id=162（parent_id 错位）; sim=0.0303 ngram=0.0
evidence_unit_semantic_no_match,43_u1,43,unit_text 唯一命中 clean id=163（parent_id 错位）; sim=0.0355 ngram=0.0
evidence_unit_semantic_no_match,43_u2,43,unit_text 唯一命中 clean id=163（parent_id 错位）; sim=0.0222 ngram=0.0
evidence_unit_semantic_no_match,43_u3,43,unit_text 唯一命中 clean id=163（parent_id 错位）; sim=0.0 ngram=0.0
evidence_unit_semantic_no_match,43_u4,43,unit_text 唯一命中 clean id=163（parent_id 错位）; sim=0.0335 ngram=0.0
evidence_unit_semantic_no_match,43_u5,43,unit_text 唯一命中 clean id=163（parent_id 错位）; sim=0.0245 ngram=0.0
evidence_unit_semantic_no_match,44_u1,44,unit_text 唯一命中 clean id=164（parent_id 错位）; sim=0.0583 ngram=0.0
evidence_unit_semantic_no_match,44_u2,44,unit_text 唯一命中 clean id=164（parent_id 错位）; sim=0.0591 ngram=0.0
evidence_unit_semantic_no_match,44_u3,44,unit_text 唯一命中 clean id=164（parent_id 错位）; sim=0.0485 ngram=0.0
evidence_unit_semantic_no_match,45_u1,45,unit_text 唯一命中 clean id=165（parent_id 错位）; sim=0.0496 ngram=0.0
evidence_unit_semantic_no_match,45_u2,45,unit_text 唯一命中 clean id=165（parent_id 错位）; sim=0.0157 ngram=0.0
evidence_unit_semantic_no_match,45_u3,45,unit_text 唯一命中 clean id=165（parent_id 错位）; sim=0.0958 ngram=0.0
evidence_unit_semantic_no_match,45_u4,45,unit_text 唯一命中 clean id=165（parent_id 错位）; sim=0.0282 ngram=0.0
evidence_unit_semantic_no_match,45_u5,45,unit_text 唯一命中 clean id=165（parent_id 错位）; sim=0.0851 ngram=0.0
evidence_unit_semantic_no_match,45_u6,45,unit_text 唯一命中 clean id=165（parent_id 错位）; sim=0.0667 ngram=0.0
evidence_unit_semantic_no_match,46_u1,46,unit_text 唯一命中 clean id=166（parent_id 错位）; sim=0.0472 ngram=0.0
evidence_unit_semantic_no_match,46_u2,46,unit_text 唯一命中 clean id=166（parent_id 错位）; sim=0.0376 ngram=0.0
evidence_unit_semantic_no_match,47_u1,47,unit_text 唯一命中 clean id=167（parent_id 错位）; sim=0.012 ngram=0.0
evidence_unit_semantic_no_match,47_u2,47,unit_text 唯一命中 clean id=167（parent_id 错位）; sim=0.093 ngram=0.0
evidence_unit_semantic_no_match,47_u3,47,unit_text 唯一命中 clean id=167（parent_id 错位）; sim=0.0345 ngram=0.0
evidence_unit_semantic_no_match,47_u4,47,unit_text 唯一命中 clean id=167（parent_id 错位）; sim=0.037 ngram=0.0
evidence_unit_semantic_no_match,48_u1,48,unit_text 唯一命中 clean id=168（parent_id 错位）; sim=0.0547 ngram=0.0
evidence_unit_semantic_no_match,48_u2,48,unit_text 唯一命中 clean id=168（parent_id 错位）; sim=0.0172 ngram=0.0
evidence_unit_semantic_no_match,48_u3,48,unit_text 唯一命中 clean id=168（parent_id 错位）; sim=0.0648 ngram=0.0333
evidence_unit_semantic_no_match,48_u4,48,unit_text 唯一命中 clean id=168（parent_id 错位）; sim=0.0156 ngram=0.0
evidence_unit_semantic_no_match,48_u5,48,unit_text 唯一命中 clean id=168（parent_id 错位）; sim=0.0317 ngram=0.0
evidence_unit_semantic_no_match,49_u1,49,unit_text 唯一命中 clean id=169（parent_id 错位）; sim=0.0667 ngram=0.0135
evidence_unit_semantic_no_match,49_u2,49,unit_text 唯一命中 clean id=169（parent_id 错位）; sim=0.0661 ngram=0.0
evidence_unit_semantic_no_match,49_u3,49,unit_text 唯一命中 clean id=169（parent_id 错位）; sim=0.0465 ngram=0.0
evidence_unit_semantic_no_match,50_u1,50,unit_text 唯一命中 clean id=170（parent_id 错位）; sim=0.0428 ngram=0.0
evidence_unit_semantic_no_match,50_u2,50,unit_text 唯一命中 clean id=170（parent_id 错位）; sim=0.0455 ngram=0.0
evidence_unit_semantic_no_match,50_u3,50,unit_text 唯一命中 clean id=170（parent_id 错位）; sim=0.0556 ngram=0.0
evidence_unit_semantic_no_match,50_u4,50,unit_text 唯一命中 clean id=170（parent_id 错位）; sim=0.0118 ngram=0.0
evidence_unit_semantic_no_match,51_u1,51,unit_text 唯一命中 clean id=171（parent_id 错位）; sim=0.0359 ngram=0.0
evidence_unit_semantic_no_match,51_u2,51,unit_text 唯一命中 clean id=171（parent_id 错位）; sim=0.0778 ngram=0.0
evidence_unit_semantic_no_match,51_u3,51,unit_text 唯一命中 clean id=171（parent_id 错位）; sim=0.0245 ngram=0.0
evidence_unit_semantic_no_match,52_u1,52,unit_text 唯一命中 clean id=172（parent_id 错位）; sim=0.0615 ngram=0.0
evidence_unit_semantic_no_match,52_u2,52,unit_text 唯一命中 clean id=172（parent_id 错位）; sim=0.0 ngram=0.0
evidence_unit_semantic_no_match,52_u3,52,unit_text 唯一命中 clean id=172（parent_id 错位）; sim=0.0278 ngram=0.0
evidence_unit_semantic_no_match,52_u4,52,unit_text 唯一命中 clean id=172（parent_id 错位）; sim=0.058 ngram=0.0
evidence_unit_semantic_no_match,53_u1,53,unit_text 唯一命中 clean id=173（parent_id 错位）; sim=0.0431 ngram=0.0
evidence_unit_semantic_no_match,54_u1,54,unit_text 唯一命中 clean id=174（parent_id 错位）; sim=0.0172 ngram=0.0
evidence_unit_semantic_no_match,54_u2,54,unit_text 唯一命中 clean id=174（parent_id 错位）; sim=0.0339 ngram=0.1818
evidence_unit_semantic_no_match,54_u3,54,unit_text 唯一命中 clean id=174（parent_id 错位）; sim=0.0088 ngram=0.0
evidence_unit_semantic_no_match,54_u4,54,unit_text 唯一命中 clean id=174（parent_id 错位）; sim=0.0176 ngram=0.0
evidence_unit_semantic_no_match,54_u5,54,unit_text 唯一命中 clean id=174（parent_id 错位）; sim=0.0336 ngram=0.0
evidence_unit_semantic_no_match,54_u6,54,unit_text 唯一命中 clean id=174（parent_id 错位）; sim=0.0175 ngram=0.0
evidence_unit_semantic_no_match,55_u1,55,unit_text 唯一命中 clean id=175（parent_id 错位）; sim=0.0513 ngram=0.0
evidence_unit_semantic_no_match,55_u2,55,unit_text 唯一命中 clean id=175（parent_id 错位）; sim=0.0294 ngram=0.0
evidence_unit_semantic_no_match,55_u3,55,unit_text 唯一命中 clean id=175（parent_id 错位）; sim=0.15 ngram=0.0
evidence_unit_semantic_no_match,55_u4,55,unit_text 唯一命中 clean id=175（parent_id 错位）; sim=0.0548 ngram=0.0
evidence_unit_semantic_no_match,56_u1,56,unit_text 唯一命中 clean id=176（parent_id 错位）; sim=0.0829 ngram=0.0
evidence_unit_semantic_no_match,56_u2,56,unit_text 唯一命中 clean id=176（parent_id 错位）; sim=0.053 ngram=0.0
evidence_unit_semantic_no_match,57_u1,57,unit_text 唯一命中 clean id=177（parent_id 错位）; sim=0.0769 ngram=0.0
evidence_unit_semantic_no_match,57_u2,57,unit_text 唯一命中 clean id=177（parent_id 错位）; sim=0.0822 ngram=0.0
evidence_unit_semantic_no_match,57_u3,57,unit_text 唯一命中 clean id=177（parent_id 错位）; sim=0.0533 ngram=0.0
evidence_unit_semantic_no_match,57_u4,57,unit_text 唯一命中 clean id=177（parent_id 错位）; sim=0.0723 ngram=0.0
evidence_unit_semantic_no_match,58_u1,58,unit_text 唯一命中 clean id=178（parent_id 错位）; sim=0.0694 ngram=0.0
evidence_unit_semantic_no_match,58_u2,58,unit_text 唯一命中 clean id=178（parent_id 错位）; sim=0.0458 ngram=0.0
evidence_unit_semantic_no_match,58_u3,58,unit_text 唯一命中 clean id=178（parent_id 错位）; sim=0.0451 ngram=0.0
evidence_unit_semantic_no_match,59_u1,59,unit_text 唯一命中 clean id=179（parent_id 错位）; sim=0.0488 ngram=0.0
evidence_unit_semantic_no_match,59_u2,59,unit_text 唯一命中 clean id=179（parent_id 错位）; sim=0.0588 ngram=0.0
evidence_unit_semantic_no_match,60_u1,60,unit_text 唯一命中 clean id=180（parent_id 错位）; sim=0.0968 ngram=0.0
evidence_unit_semantic_no_match,60_u2,60,unit_text 唯一命中 clean id=180（parent_id 错位）; sim=0.0806 ngram=0.0
evidence_unit_semantic_no_match,61_u1,61,unit_text 唯一命中 clean id=181（parent_id 错位）; sim=0.0241 ngram=0.0
evidence_unit_semantic_no_match,62_u1,62,unit_text 唯一命中 clean id=182（parent_id 错位）; sim=0.0667 ngram=0.0
evidence_unit_semantic_no_match,62_u2,62,unit_text 唯一命中 clean id=182（parent_id 错位）; sim=0.1351 ngram=0.0303
evidence_unit_semantic_no_match,63_u1,63,unit_text 唯一命中 clean id=183（parent_id 错位）; sim=0.0526 ngram=0.0
evidence_unit_semantic_no_match,63_u2,63,unit_text 唯一命中 clean id=183（parent_id 错位）; sim=0.0784 ngram=0.0
evidence_unit_semantic_no_match,63_u3,63,unit_text 唯一命中 clean id=183（parent_id 错位）; sim=0.0 ngram=0.0
evidence_unit_semantic_no_match,64_u1,64,unit_text 唯一命中 clean id=184（parent_id 错位）; sim=0.0615 ngram=0.0
evidence_unit_semantic_no_match,64_u2,64,unit_text 唯一命中 clean id=184（parent_id 错位）; sim=0.0816 ngram=0.0
evidence_unit_semantic_no_match,64_u3,64,unit_text 唯一命中 clean id=184（parent_id 错位）; sim=0.0488 ngram=0.0
evidence_unit_semantic_no_match,65_u1,65,unit_text 唯一命中 clean id=185（parent_id 错位）; sim=0.0698 ngram=0.0
evidence_unit_semantic_no_match,65_u2,65,unit_text 唯一命中 clean id=185（parent_id 错位）; sim=0.0303 ngram=0.0
evidence_unit_semantic_no_match,65_u3,65,unit_text 唯一命中 clean id=185（parent_id 错位）; sim=0.0328 ngram=0.0
evidence_unit_semantic_no_match,66_u1,66,unit_text 唯一命中 clean id=186（parent_id 错位）; sim=0.0976 ngram=0.0
evidence_unit_semantic_no_match,66_u2,66,unit_text 唯一命中 clean id=186（parent_id 错位）; sim=0.0667 ngram=0.0
evidence_unit_semantic_no_match,66_u3,66,unit_text 唯一命中 clean id=186（parent_id 错位）; sim=0.1 ngram=0.0
evidence_unit_semantic_no_match,66_u4,66,unit_text 唯一命中 clean id=186（parent_id 错位）; sim=0.0811 ngram=0.0
evidence_unit_semantic_no_match,67_u1,67,unit_text 唯一命中 clean id=187（parent_id 错位）; sim=0.0667 ngram=0.0
evidence_unit_semantic_no_match,67_u2,67,unit_text 唯一命中 clean id=187（parent_id 错位）; sim=0.0625 ngram=0.0
evidence_unit_semantic_no_match,67_u3,67,unit_text 唯一命中 clean id=187（parent_id 错位）; sim=0.1875 ngram=0.0
evidence_unit_semantic_no_match,67_u4,67,unit_text 唯一命中 clean id=187（parent_id 错位）; sim=0.0 ngram=0.0
evidence_unit_semantic_no_match,68_u1,68,unit_text 唯一命中 clean id=188（parent_id 错位）; sim=0.0308 ngram=0.0
evidence_unit_semantic_no_match,68_u2,68,unit_text 唯一命中 clean id=188（parent_id 错位）; sim=0.0317 ngram=0.0
evidence_unit_semantic_no_match,68_u3,68,unit_text 唯一命中 clean id=188（parent_id 错位）; sim=0.0597 ngram=0.0
evidence_unit_semantic_no_match,68_u4,68,unit_text 唯一命中 clean id=188（parent_id 错位）; sim=0.0345 ngram=0.0
evidence_unit_semantic_no_match,69_u1,69,unit_text 唯一命中 clean id=189（parent_id 错位）; sim=0.0625 ngram=0.0
evidence_unit_semantic_no_match,69_u2,69,unit_text 唯一命中 clean id=189（parent_id 错位）; sim=0.0244 ngram=0.0
evidence_unit_semantic_no_match,70_u1,70,unit_text 唯一命中 clean id=190（parent_id 错位）; sim=0.0263 ngram=0.0
evidence_unit_semantic_no_match,70_u2,70,unit_text 唯一命中 clean id=190（parent_id 错位）; sim=0.0811 ngram=0.0
evidence_unit_semantic_no_match,70_u3,70,unit_text 唯一命中 clean id=190（parent_id 错位）; sim=0.0548 ngram=0.0
evidence_unit_semantic_no_match,70_u4,70,unit_text 唯一命中 clean id=190（parent_id 错位）; sim=0.0541 ngram=0.0
evidence_unit_semantic_no_match,70_u5,70,unit_text 唯一命中 clean id=190（parent_id 错位）; sim=0.0278 ngram=0.0
evidence_unit_semantic_no_match,71_u1,71,unit_text 唯一命中 clean id=191（parent_id 错位）; sim=0.025 ngram=0.0
evidence_unit_semantic_no_match,71_u2,71,unit_text 唯一命中 clean id=191（parent_id 错位）; sim=0.0 ngram=0.0
evidence_unit_semantic_no_match,71_u3,71,unit_text 唯一命中 clean id=191（parent_id 错位）; sim=0.0513 ngram=0.0
evidence_unit_semantic_no_match,71_u4,71,unit_text 唯一命中 clean id=191（parent_id 错位）; sim=0.027 ngram=0.0
evidence_unit_semantic_no_match,71_u5,71,unit_text 唯一命中 clean id=191（parent_id 错位）; sim=0.0294 ngram=0.0
evidence_unit_semantic_no_match,72_u1,72,unit_text 唯一命中 clean id=192（parent_id 错位）; sim=0.0784 ngram=0.0
evidence_unit_semantic_no_match,72_u2,72,unit_text 唯一命中 clean id=192（parent_id 错位）; sim=0.0 ngram=0.0
evidence_unit_semantic_no_match,72_u3,72,unit_text 唯一命中 clean id=192（parent_id 错位）; sim=0.0392 ngram=0.0
evidence_unit_semantic_no_match,72_u4,72,unit_text 唯一命中 clean id=192（parent_id 错位）; sim=0.0 ngram=0.0
evidence_unit_semantic_no_match,73_u1,73,unit_text 唯一命中 clean id=193（parent_id 错位）; sim=0.05 ngram=0.0
evidence_unit_semantic_no_match,73_u2,73,unit_text 唯一命中 clean id=193（parent_id 错位）; sim=0.0 ngram=0.0
evidence_unit_semantic_no_match,74_u1,74,unit_text 唯一命中 clean id=194（parent_id 错位）; sim=0.0889 ngram=0.0
evidence_unit_semantic_no_match,74_u2,74,unit_text 唯一命中 clean id=194（parent_id 错位）; sim=0.0465 ngram=0.0
evidence_unit_semantic_no_match,75_u1,75,unit_text 唯一命中 clean id=195（parent_id 错位）; sim=0.0667 ngram=0.0
evidence_unit_semantic_no_match,75_u2,75,unit_text 唯一命中 clean id=195（parent_id 错位）; sim=0.1333 ngram=0.0
evidence_unit_semantic_no_match,76_u1,76,unit_text 唯一命中 clean id=196（parent_id 错位）; sim=0.0385 ngram=0.0
evidence_unit_semantic_no_match,76_u2,76,unit_text 唯一命中 clean id=196（parent_id 错位）; sim=0.0196 ngram=0.0
evidence_unit_semantic_no_match,77_u1,77,unit_text 唯一命中 clean id=197（parent_id 错位）; sim=0.0667 ngram=0.0
evidence_unit_semantic_no_match,77_u2,77,unit_text 唯一命中 clean id=197（parent_id 错位）; sim=0.0 ngram=0.0
evidence_unit_semantic_no_match,77_u3,77,unit_text 唯一命中 clean id=197（parent_id 错位）; sim=0.0 ngram=0.0
evidence_unit_semantic_no_match,77_u4,77,unit_text 唯一命中 clean id=197（parent_id 错位）; sim=0.0 ngram=0.0
evidence_unit_semantic_no_match,78_u1,78,unit_text 唯一命中 clean id=198（parent_id 错位）; sim=0.0471 ngram=0.0
evidence_unit_semantic_no_match,78_u2,78,unit_text 唯一命中 clean id=198（parent_id 错位）; sim=0.0241 ngram=0.0
evidence_unit_semantic_no_match,78_u3,78,unit_text 唯一命中 clean id=198（parent_id 错位）; sim=0.0698 ngram=0.0
evidence_unit_semantic_no_match,79_u1,79,unit_text 唯一命中 clean id=199（parent_id 错位）; sim=0.0357 ngram=0.0
evidence_unit_semantic_no_match,79_u2,79,unit_text 唯一命中 clean id=199（parent_id 错位）; sim=0.0909 ngram=0.0
evidence_unit_semantic_no_match,79_u3,79,unit_text 唯一命中 clean id=199（parent_id 错位）; sim=0.0 ngram=0.0
evidence_unit_semantic_no_match,80_u1,80,unit_text 唯一命中 clean id=200（parent_id 错位）; sim=0.0299 ngram=0.0
evidence_unit_semantic_no_match,80_u2,80,unit_text 唯一命中 clean id=200（parent_id 错位）; sim=0.0541 ngram=0.0
evidence_unit_semantic_no_match,81_u1,81,unit_text 唯一命中 clean id=201（parent_id 错位）; sim=0.1034 ngram=0.0
evidence_unit_semantic_no_match,81_u2,81,unit_text 唯一命中 clean id=201（parent_id 错位）; sim=0.0 ngram=0.0
evidence_unit_semantic_no_match,82_u1,82,unit_text 唯一命中 clean id=202（parent_id 错位）; sim=0.0435 ngram=0.0
evidence_unit_semantic_no_match,82_u2,82,unit_text 唯一命中 clean id=202（parent_id 错位）; sim=0.0328 ngram=0.0
evidence_unit_semantic_no_match,82_u3,82,unit_text 唯一命中 clean id=202（parent_id 错位）; sim=0.04 ngram=0.0
evidence_unit_semantic_no_match,83_u1,83,unit_text 唯一命中 clean id=203（parent_id 错位）; sim=0.1591 ngram=0.0
evidence_unit_semantic_no_match,83_u2,83,unit_text 命中多个 clean id（candidate_count=2），来源不确定; sim=0.0 ngram=0.0
evidence_unit_semantic_no_match,84_u1,84,unit_text 唯一命中 clean id=204（parent_id 错位）; sim=0.0917 ngram=0.0
evidence_unit_semantic_no_match,84_u2,84,unit_text 唯一命中 clean id=204（parent_id 错位）; sim=0.0172 ngram=0.0
evidence_unit_semantic_no_match,85_u1,85,unit_text 唯一命中 clean id=205（parent_id 错位）; sim=0.086 ngram=0.0
evidence_unit_semantic_no_match,85_u2,85,unit_text 唯一命中 clean id=205（parent_id 错位）; sim=0.0583 ngram=0.0
evidence_unit_semantic_no_match,85_u3,85,unit_text 唯一命中 clean id=205（parent_id 错位）; sim=0.0632 ngram=0.0
evidence_unit_semantic_no_match,86_u1,86,unit_text 唯一命中 clean id=206（parent_id 错位）; sim=0.019 ngram=0.0
evidence_unit_semantic_no_match,86_u2,86,unit_text 唯一命中 clean id=206（parent_id 错位）; sim=0.0893 ngram=0.0
evidence_unit_semantic_no_match,86_u3,86,unit_text 唯一命中 clean id=206（parent_id 错位）; sim=0.0877 ngram=0.0
evidence_unit_semantic_no_match,86_u4,86,unit_text 唯一命中 clean id=206（parent_id 错位）; sim=0.0893 ngram=0.0
evidence_unit_semantic_no_match,87_u1,87,unit_text 唯一命中 clean id=207（parent_id 错位）; sim=0.0952 ngram=0.0
evidence_unit_semantic_no_match,87_u2,87,unit_text 唯一命中 clean id=207（parent_id 错位）; sim=0.0833 ngram=0.0
evidence_unit_semantic_no_match,87_u3,87,unit_text 唯一命中 clean id=207（parent_id 错位）; sim=0.0513 ngram=0.0
evidence_unit_semantic_no_match,87_u4,87,unit_text 唯一命中 clean id=207（parent_id 错位）; sim=0.0541 ngram=0.0
evidence_unit_semantic_no_match,87_u5,87,unit_text 唯一命中 clean id=207（parent_id 错位）; sim=0.15 ngram=0.0
evidence_unit_semantic_no_match,88_u1,88,unit_text 唯一命中 clean id=208（parent_id 错位）; sim=0.0 ngram=0.0
evidence_unit_semantic_no_match,88_u2,88,unit_text 唯一命中 clean id=208（parent_id 错位）; sim=0.1143 ngram=0.0
evidence_unit_semantic_no_match,89_u1,89,unit_text 唯一命中 clean id=209（parent_id 错位）; sim=0.0541 ngram=0.0
evidence_unit_semantic_no_match,89_u2,89,unit_text 唯一命中 clean id=209（parent_id 错位）; sim=0.0588 ngram=0.0
evidence_unit_semantic_no_match,90_u1,90,unit_text 唯一命中 clean id=210（parent_id 错位）; sim=0.0238 ngram=0.0
evidence_unit_semantic_no_match,90_u2,90,unit_text 唯一命中 clean id=210（parent_id 错位）; sim=0.0 ngram=0.0
evidence_unit_semantic_no_match,90_u3,90,unit_text 唯一命中 clean id=210（parent_id 错位）; sim=0.0 ngram=0.0
evidence_unit_semantic_no_match,91_u1,91,unit_text 唯一命中 clean id=211（parent_id 错位）; sim=0.1053 ngram=0.0
evidence_unit_semantic_no_match,91_u2,91,unit_text 唯一命中 clean id=211（parent_id 错位）; sim=0.0556 ngram=0.0
evidence_unit_semantic_no_match,92_u1,92,unit_text 唯一命中 clean id=212（parent_id 错位）; sim=0.0256 ngram=0.0
evidence_unit_semantic_no_match,92_u2,92,unit_text 唯一命中 clean id=212（parent_id 错位）; sim=0.0126 ngram=0.0
evidence_unit_semantic_no_match,92_u3,92,unit_text 唯一命中 clean id=212（parent_id 错位）; sim=0.0225 ngram=0.0
evidence_unit_semantic_no_match,93_u1,93,unit_text 唯一命中 clean id=213（parent_id 错位）; sim=0.087 ngram=0.0
evidence_unit_semantic_no_match,93_u2,93,unit_text 唯一命中 clean id=213（parent_id 错位）; sim=0.0833 ngram=0.0
evidence_unit_semantic_no_match,94_u1,94,unit_text 唯一命中 clean id=214（parent_id 错位）; sim=0.0725 ngram=0.0278
evidence_unit_semantic_no_match,94_u2,94,unit_text 唯一命中 clean id=214（parent_id 错位）; sim=0.1558 ngram=0.0278
evidence_unit_semantic_no_match,95_u1,95,unit_text 唯一命中 clean id=215（parent_id 错位）; sim=0.093 ngram=0.0
evidence_unit_semantic_no_match,96_u1,96,unit_text 唯一命中 clean id=216（parent_id 错位）; sim=0.0513 ngram=0.0
evidence_unit_semantic_no_match,96_u2,96,unit_text 唯一命中 clean id=216（parent_id 错位）; sim=0.08 ngram=0.0
evidence_unit_semantic_no_match,96_u3,96,unit_text 命中多个 clean id（candidate_count=6），来源不确定; sim=0.0 ngram=0.0
evidence_unit_semantic_no_match,97_u1,97,unit_text 唯一命中 clean id=217（parent_id 错位）; sim=0.0294 ngram=0.0
evidence_unit_semantic_no_match,97_u2,97,unit_text 唯一命中 clean id=217（parent_id 错位）; sim=0.0 ngram=0.0
evidence_unit_semantic_no_match,97_u3,97,unit_text 唯一命中 clean id=217（parent_id 错位）; sim=0.0432 ngram=0.0
evidence_unit_semantic_no_match,97_u4,97,unit_text 唯一命中 clean id=217（parent_id 错位）; sim=0.0288 ngram=0.0
evidence_unit_semantic_no_match,97_u5,97,unit_text 唯一命中 clean id=217（parent_id 错位）; sim=0.0146 ngram=0.0
evidence_unit_semantic_no_match,97_u6,97,unit_text 唯一命中 clean id=217（parent_id 错位）; sim=0.0426 ngram=0.0
evidence_unit_semantic_no_match,98_u1,98,unit_text 唯一命中 clean id=218（parent_id 错位）; sim=0.0638 ngram=0.0
evidence_unit_semantic_no_match,98_u2,98,unit_text 唯一命中 clean id=218（parent_id 错位）; sim=0.087 ngram=0.0
evidence_unit_semantic_no_match,99_u1,99,unit_text 唯一命中 clean id=219（parent_id 错位）; sim=0.058 ngram=0.0
evidence_unit_semantic_no_match,99_u2,99,unit_text 唯一命中 clean id=219（parent_id 错位）; sim=0.0882 ngram=0.0
evidence_unit_semantic_no_match,99_u3,99,unit_text 唯一命中 clean id=219（parent_id 错位）; sim=0.0333 ngram=0.0
evidence_unit_semantic_no_match,99_u4,99,unit_text 唯一命中 clean id=219（parent_id 错位）; sim=0.1316 ngram=0.0952
evidence_unit_semantic_no_match,100_u1,100,unit_text 唯一命中 clean id=220（parent_id 错位）; sim=0.0353 ngram=0.0
evidence_unit_semantic_no_match,100_u2,100,unit_text 唯一命中 clean id=220（parent_id 错位）; sim=0.0552 ngram=0.0
evidence_unit_semantic_no_match,100_u3,100,unit_text 唯一命中 clean id=220（parent_id 错位）; sim=0.044 ngram=0.0
evidence_unit_semantic_no_match,101_u1,101,unit_text 唯一命中 clean id=221（parent_id 错位）; sim=0.0667 ngram=0.0
evidence_unit_semantic_no_match,101_u2,101,unit_text 唯一命中 clean id=221（parent_id 错位）; sim=0.0 ngram=0.0
evidence_unit_semantic_no_match,102_u1,102,unit_text 唯一命中 clean id=222（parent_id 错位）; sim=0.1017 ngram=0.0
evidence_unit_semantic_no_match,103_u1,103,unit_text 唯一命中 clean id=223（parent_id 错位）; sim=0.0583 ngram=0.0
evidence_unit_semantic_no_match,104_u1,104,unit_text 唯一命中 clean id=224（parent_id 错位）; sim=0.125 ngram=0.0
evidence_unit_semantic_no_match,105_u1,105,unit_text 唯一命中 clean id=225（parent_id 错位）; sim=0.0606 ngram=0.0
evidence_unit_semantic_no_match,106_u1,106,unit_text 唯一命中 clean id=226（parent_id 错位）; sim=0.0238 ngram=0.0
evidence_unit_semantic_no_match,106_u2,106,unit_text 唯一命中 clean id=226（parent_id 错位）; sim=0.0244 ngram=0.0
evidence_unit_semantic_no_match,107_u1,107,unit_text 唯一命中 clean id=227（parent_id 错位）; sim=0.0526 ngram=0.0
evidence_unit_semantic_no_match,107_u2,107,unit_text 唯一命中 clean id=227（parent_id 错位）; sim=0.08 ngram=0.0
evidence_unit_semantic_no_match,107_u3,107,unit_text 唯一命中 clean id=227（parent_id 错位）; sim=0.1351 ngram=0.0
evidence_unit_semantic_no_match,108_u1,108,unit_text 唯一命中 clean id=228（parent_id 错位）; sim=0.0678 ngram=0.0
evidence_unit_semantic_no_match,108_u2,108,unit_text 唯一命中 clean id=228（parent_id 错位）; sim=0.0392 ngram=0.0
evidence_unit_semantic_no_match,108_u3,108,unit_text 唯一命中 clean id=228（parent_id 错位）; sim=0.1404 ngram=0.0
evidence_unit_semantic_no_match,109_u1,109,unit_text 唯一命中 clean id=229（parent_id 错位）; sim=0.0 ngram=0.0
evidence_unit_semantic_no_match,109_u2,109,unit_text 唯一命中 clean id=229（parent_id 错位）; sim=0.0889 ngram=0.0
evidence_unit_semantic_no_match,110_u1,110,unit_text 唯一命中 clean id=230（parent_id 错位）; sim=0.1091 ngram=0.0
evidence_unit_semantic_no_match,111_u1,111,unit_text 唯一命中 clean id=231（parent_id 错位）; sim=0.0571 ngram=0.0
evidence_unit_semantic_no_match,111_u2,111,unit_text 唯一命中 clean id=231（parent_id 错位）; sim=0.0 ngram=0.0
evidence_unit_semantic_no_match,111_u3,111,unit_text 唯一命中 clean id=231（parent_id 错位）; sim=0.0 ngram=0.0
evidence_unit_semantic_no_match,112_u1,112,unit_text 唯一命中 clean id=232（parent_id 错位）; sim=0.0543 ngram=0.0
evidence_unit_semantic_no_match,113_u1,113,unit_text 唯一命中 clean id=233（parent_id 错位）; sim=0.022 ngram=0.0
evidence_unit_semantic_no_match,113_u2,113,unit_text 唯一命中 clean id=233（parent_id 错位）; sim=0.0825 ngram=0.0455
evidence_unit_semantic_no_match,114_u1,114,unit_text 唯一命中 clean id=234（parent_id 错位）; sim=0.1143 ngram=0.0
evidence_unit_semantic_no_match,114_u2,114,unit_text 唯一命中 clean id=234（parent_id 错位）; sim=0.2222 ngram=0.0
evidence_unit_semantic_no_match,114_u3,114,unit_text 唯一命中 clean id=234（parent_id 错位）; sim=0.1429 ngram=0.0
evidence_unit_semantic_no_match,114_u4,114,unit_text 唯一命中 clean id=234（parent_id 错位）; sim=0.0541 ngram=0.0
evidence_unit_semantic_no_match,115_u1,115,unit_text 唯一命中 clean id=235（parent_id 错位）; sim=0.12 ngram=0.0
evidence_unit_semantic_no_match,116_u1,116,unit_text 唯一命中 clean id=236（parent_id 错位）; sim=0.04 ngram=0.0
evidence_unit_semantic_no_match,116_u2,116,unit_text 唯一命中 clean id=236（parent_id 错位）; sim=0.0 ngram=0.0
evidence_unit_semantic_no_match,116_u3,116,unit_text 唯一命中 clean id=236（parent_id 错位）; sim=0.12 ngram=0.125
evidence_unit_semantic_no_match,116_u4,116,unit_text 唯一命中 clean id=236（parent_id 错位）; sim=0.1053 ngram=0.0667
evidence_unit_semantic_no_match,117_u1,117,unit_text 唯一命中 clean id=237（parent_id 错位）; sim=0.0702 ngram=0.0
evidence_unit_semantic_no_match,117_u2,117,unit_text 唯一命中 clean id=237（parent_id 错位）; sim=0.0952 ngram=0.0
evidence_unit_semantic_no_match,118_u1,118,unit_text 唯一命中 clean id=238（parent_id 错位）; sim=0.0 ngram=0.0
evidence_unit_semantic_no_match,118_u2,118,unit_text 唯一命中 clean id=238（parent_id 错位）; sim=0.0606 ngram=0.0
evidence_unit_semantic_no_match,119_u1,119,unit_text 唯一命中 clean id=239（parent_id 错位）; sim=0.0706 ngram=0.0
evidence_unit_semantic_no_match,119_u2,119,unit_text 唯一命中 clean id=239（parent_id 错位）; sim=0.0471 ngram=0.0
evidence_unit_semantic_no_match,119_u3,119,unit_text 唯一命中 clean id=239（parent_id 错位）; sim=0.0482 ngram=0.0
evidence_unit_semantic_no_match,120_u1,120,unit_text 唯一命中 clean id=240（parent_id 错位）; sim=0.2203 ngram=0.0238
evidence_unit_semantic_no_match,120_u2,120,unit_text 唯一命中 clean id=240（parent_id 错位）; sim=0.124 ngram=0.0
evidence_unit_semantic_no_match,120_u3,120,unit_text 唯一命中 clean id=240（parent_id 错位）; sim=0.0741 ngram=0.0
evidence_unit_semantic_no_match,121_u1,121,unit_text 唯一命中 clean id=241（parent_id 错位）; sim=0.0682 ngram=0.0
evidence_unit_semantic_no_match,121_u2,121,unit_text 唯一命中 clean id=241（parent_id 错位）; sim=0.1327 ngram=0.0526
evidence_unit_semantic_no_match,121_u3,121,unit_text 唯一命中 clean id=241（parent_id 错位）; sim=0.1209 ngram=0.129
evidence_unit_semantic_no_match,121_u4,121,unit_text 唯一命中 clean id=241（parent_id 错位）; sim=0.0366 ngram=0.0
evidence_unit_semantic_no_match,122_u1,122,unit_text 唯一命中 clean id=242（parent_id 错位）; sim=0.0545 ngram=0.0
evidence_unit_semantic_no_match,122_u2,122,unit_text 唯一命中 clean id=242（parent_id 错位）; sim=0.0755 ngram=0.0
evidence_unit_semantic_no_match,122_u3,122,unit_text 唯一命中 clean id=242（parent_id 错位）; sim=0.0622 ngram=0.0
evidence_unit_semantic_no_match,122_u4,122,unit_text 唯一命中 clean id=242（parent_id 错位）; sim=0.0299 ngram=0.0
evidence_unit_semantic_no_match,123_u1,123,unit_text 唯一命中 clean id=243（parent_id 错位）; sim=0.0199 ngram=0.0
evidence_unit_semantic_no_match,123_u2,123,unit_text 唯一命中 clean id=243（parent_id 错位）; sim=0.0343 ngram=0.0
evidence_unit_semantic_no_match,123_u3,123,unit_text 唯一命中 clean id=243（parent_id 错位）; sim=0.0424 ngram=0.0
evidence_unit_semantic_no_match,124_u1,124,unit_text 唯一命中 clean id=244（parent_id 错位）; sim=0.0854 ngram=0.04
evidence_unit_semantic_no_match,124_u2,124,unit_text 唯一命中 clean id=244（parent_id 错位）; sim=0.1095 ngram=0.0
evidence_unit_semantic_no_match,125_u1,125,unit_text 唯一命中 clean id=245（parent_id 错位）; sim=0.0298 ngram=0.0
evidence_unit_semantic_no_match,125_u2,125,unit_text 唯一命中 clean id=245（parent_id 错位）; sim=0.0173 ngram=0.0
evidence_unit_semantic_no_match,125_u3,125,unit_text 唯一命中 clean id=245（parent_id 错位）; sim=0.034 ngram=0.0
evidence_unit_semantic_no_match,125_u4,125,unit_text 唯一命中 clean id=245（parent_id 错位）; sim=0.0089 ngram=0.0
evidence_unit_semantic_no_match,126_u1,126,unit_text 唯一命中 clean id=246（parent_id 错位）; sim=0.012 ngram=0.0
evidence_unit_semantic_no_match,126_u2,126,unit_text 唯一命中 clean id=246（parent_id 错位）; sim=0.0235 ngram=0.0
evidence_unit_semantic_no_match,126_u3,126,unit_text 唯一命中 clean id=246（parent_id 错位）; sim=0.0239 ngram=0.0
evidence_unit_semantic_no_match,126_u4,126,unit_text 唯一命中 clean id=246（parent_id 错位）; sim=0.0121 ngram=0.0
evidence_unit_semantic_no_match,126_u5,126,unit_text 唯一命中 clean id=246（parent_id 错位）; sim=0.003 ngram=0.0
evidence_unit_semantic_no_match,126_u6,126,unit_text 唯一命中 clean id=246（parent_id 错位）; sim=0.0151 ngram=0.0
evidence_unit_semantic_no_match,126_u7,126,unit_text 唯一命中 clean id=246（parent_id 错位）; sim=0.012 ngram=0.0
evidence_unit_semantic_no_match,126_u8,126,unit_text 唯一命中 clean id=246（parent_id 错位）; sim=0.0119 ngram=0.0
evidence_unit_semantic_no_match,127_u1,127,unit_text 唯一命中 clean id=247（parent_id 错位）; sim=0.0526 ngram=0.0
evidence_unit_semantic_no_match,127_u2,127,unit_text 唯一命中 clean id=247（parent_id 错位）; sim=0.0556 ngram=0.0
evidence_unit_semantic_no_match,128_u1,128,unit_text 唯一命中 clean id=248（parent_id 错位）; sim=0.0658 ngram=0.0
evidence_unit_semantic_no_match,128_u2,128,unit_text 唯一命中 clean id=248（parent_id 错位）; sim=0.0854 ngram=0.0
evidence_unit_semantic_no_match,128_u3,128,unit_text 唯一命中 clean id=248（parent_id 错位）; sim=0.0395 ngram=0.0
evidence_unit_semantic_no_match,128_u4,128,unit_text 唯一命中 clean id=248（parent_id 错位）; sim=0.0494 ngram=0.0
evidence_unit_semantic_no_match,128_u5,128,unit_text 唯一命中 clean id=248（parent_id 错位）; sim=0.0667 ngram=0.0
evidence_unit_semantic_no_match,129_u1,129,unit_text 唯一命中 clean id=249（parent_id 错位）; sim=0.0909 ngram=0.0
evidence_unit_semantic_no_match,129_u2,129,unit_text 唯一命中 clean id=249（parent_id 错位）; sim=0.1135 ngram=0.0135
evidence_unit_semantic_no_match,129_u3,129,unit_text 唯一命中 clean id=249（parent_id 错位）; sim=0.0829 ngram=0.0135
evidence_unit_semantic_no_match,130_u1,130,unit_text 唯一命中 clean id=250（parent_id 错位）; sim=0.0523 ngram=0.0
evidence_unit_semantic_no_match,130_u2,130,unit_text 唯一命中 clean id=250（parent_id 错位）; sim=0.0822 ngram=0.0
evidence_unit_semantic_no_match,130_u3,130,unit_text 唯一命中 clean id=250（parent_id 错位）; sim=0.0559 ngram=0.0
evidence_unit_semantic_no_match,131_u1,131,unit_text 唯一命中 clean id=251（parent_id 错位）; sim=0.0741 ngram=0.0
evidence_unit_semantic_no_match,131_u2,131,unit_text 唯一命中 clean id=251（parent_id 错位）; sim=0.0617 ngram=0.0
evidence_unit_semantic_no_match,131_u3,131,unit_text 唯一命中 clean id=251（parent_id 错位）; sim=0.0349 ngram=0.0
evidence_unit_semantic_no_match,131_u4,131,unit_text 唯一命中 clean id=251（parent_id 错位）; sim=0.0745 ngram=0.0
evidence_unit_semantic_no_match,132_u1,132,unit_text 唯一命中 clean id=252（parent_id 错位）; sim=0.0131 ngram=0.0
evidence_unit_semantic_no_match,132_u2,132,unit_text 唯一命中 clean id=252（parent_id 错位）; sim=0.0136 ngram=0.0
evidence_unit_semantic_no_match,132_u3,132,unit_text 唯一命中 clean id=252（parent_id 错位）; sim=0.039 ngram=0.0
evidence_unit_semantic_no_match,132_u4,132,unit_text 唯一命中 clean id=252（parent_id 错位）; sim=0.028 ngram=0.0
evidence_unit_semantic_no_match,133_u1,133,unit_text 唯一命中 clean id=253（parent_id 错位）; sim=0.0465 ngram=0.0
evidence_unit_semantic_no_match,133_u2,133,unit_text 唯一命中 clean id=253（parent_id 错位）; sim=0.1556 ngram=0.0323
evidence_unit_semantic_no_match,133_u3,133,unit_text 唯一命中 clean id=253（parent_id 错位）; sim=0.0235 ngram=0.0
evidence_unit_semantic_no_match,134_u1,134,unit_text 唯一命中 clean id=254（parent_id 错位）; sim=0.065 ngram=0.0
evidence_unit_semantic_no_match,134_u2,134,unit_text 唯一命中 clean id=254（parent_id 错位）; sim=0.1029 ngram=0.0
evidence_unit_semantic_no_match,134_u3,134,unit_text 唯一命中 clean id=254（parent_id 错位）; sim=0.0545 ngram=0.0
evidence_unit_semantic_no_match,134_u4,134,unit_text 唯一命中 clean id=254（parent_id 错位）; sim=0.0678 ngram=0.0
evidence_unit_semantic_no_match,134_u5,134,unit_text 唯一命中 clean id=254（parent_id 错位）; sim=0.0667 ngram=0.0
evidence_unit_semantic_no_match,135_u1,135,unit_text 唯一命中 clean id=255（parent_id 错位）; sim=0.0243 ngram=0.0
evidence_unit_semantic_no_match,135_u2,135,unit_text 唯一命中 clean id=255（parent_id 错位）; sim=0.0304 ngram=0.0
evidence_unit_semantic_no_match,135_u3,135,unit_text 唯一命中 clean id=255（parent_id 错位）; sim=0.0382 ngram=0.0323
evidence_unit_semantic_no_match,135_u4,135,unit_text 唯一命中 clean id=255（parent_id 错位）; sim=0.0154 ngram=0.0
evidence_unit_semantic_no_match,135_u5,135,unit_text 唯一命中 clean id=255（parent_id 错位）; sim=0.0076 ngram=0.0
evidence_unit_semantic_no_match,135_u6,135,unit_text 唯一命中 clean id=255（parent_id 错位）; sim=0.008 ngram=0.0
evidence_unit_semantic_no_match,135_u7,135,unit_text 唯一命中 clean id=255（parent_id 错位）; sim=0.0163 ngram=0.0
evidence_unit_semantic_no_match,136_u1,136,unit_text 唯一命中 clean id=256（parent_id 错位）; sim=0.0333 ngram=0.0
evidence_unit_semantic_no_match,136_u2,136,unit_text 唯一命中 clean id=256（parent_id 错位）; sim=0.0326 ngram=0.0
evidence_unit_semantic_no_match,136_u3,136,unit_text 唯一命中 clean id=256（parent_id 错位）; sim=0.0235 ngram=0.0
evidence_unit_semantic_no_match,136_u4,136,unit_text 唯一命中 clean id=256（parent_id 错位）; sim=0.0343 ngram=0.0
evidence_unit_semantic_no_match,137_u1,137,unit_text 唯一命中 clean id=257（parent_id 错位）; sim=0.0482 ngram=0.0
evidence_unit_semantic_no_match,137_u2,137,unit_text 唯一命中 clean id=257（parent_id 错位）; sim=0.0222 ngram=0.0
evidence_unit_semantic_no_match,137_u3,137,unit_text 唯一命中 clean id=257（parent_id 错位）; sim=0.0988 ngram=0.0
evidence_unit_semantic_no_match,137_u4,137,unit_text 唯一命中 clean id=257（parent_id 错位）; sim=0.1039 ngram=0.0
evidence_unit_semantic_no_match,138_u1,138,unit_text 唯一命中 clean id=258（parent_id 错位）; sim=0.0923 ngram=0.025
evidence_unit_semantic_no_match,138_u2,138,unit_text 唯一命中 clean id=258（parent_id 错位）; sim=0.0242 ngram=0.0
evidence_unit_semantic_no_match,138_u3,138,unit_text 唯一命中 clean id=258（parent_id 错位）; sim=0.0552 ngram=0.0
evidence_unit_semantic_no_match,139_u1,139,unit_text 唯一命中 clean id=259（parent_id 错位）; sim=0.0885 ngram=0.0
evidence_unit_semantic_no_match,140_u1,140,unit_text 唯一命中 clean id=260（parent_id 错位）; sim=0.0909 ngram=0.0
evidence_unit_semantic_no_match,140_u2,140,unit_text 唯一命中 clean id=260（parent_id 错位）; sim=0.08 ngram=0.0
evidence_unit_semantic_no_match,140_u3,140,unit_text 唯一命中 clean id=260（parent_id 错位）; sim=0.0282 ngram=0.0
evidence_unit_semantic_no_match,141_u1,141,unit_text 唯一命中 clean id=261（parent_id 错位）; sim=0.058 ngram=0.0
evidence_unit_semantic_no_match,141_u2,141,unit_text 唯一命中 clean id=261（parent_id 错位）; sim=0.0 ngram=0.0
evidence_unit_semantic_no_match,141_u3,141,unit_text 唯一命中 clean id=261（parent_id 错位）; sim=0.0 ngram=0.0
evidence_unit_semantic_no_match,141_u4,141,unit_text 唯一命中 clean id=261（parent_id 错位）; sim=0.0333 ngram=0.0
evidence_unit_semantic_no_match,141_u5,141,unit_text 唯一命中 clean id=261（parent_id 错位）; sim=0.0882 ngram=0.0
evidence_unit_semantic_no_match,142_u1,142,unit_text 唯一命中 clean id=262（parent_id 错位）; sim=0.122 ngram=0.0
evidence_unit_semantic_no_match,142_u2,142,unit_text 唯一命中 clean id=262（parent_id 错位）; sim=0.0649 ngram=0.0
evidence_unit_semantic_no_match,143_u1,143,unit_text 唯一命中 clean id=263（parent_id 错位）; sim=0.0526 ngram=0.0
evidence_unit_semantic_no_match,144_u1,144,unit_text 唯一命中 clean id=264（parent_id 错位）; sim=0.0296 ngram=0.0
evidence_unit_semantic_no_match,144_u2,144,unit_text 唯一命中 clean id=264（parent_id 错位）; sim=0.0205 ngram=0.0
evidence_unit_semantic_no_match,144_u3,144,unit_text 唯一命中 clean id=264（parent_id 错位）; sim=0.0103 ngram=0.0
evidence_unit_semantic_no_match,144_u4,144,unit_text 唯一命中 clean id=264（parent_id 错位）; sim=0.0707 ngram=0.2308
evidence_unit_semantic_no_match,144_u5,144,unit_text 唯一命中 clean id=264（parent_id 错位）; sim=0.0207 ngram=0.0
evidence_unit_semantic_no_match,145_u1,145,unit_text 唯一命中 clean id=265（parent_id 错位）; sim=0.0441 ngram=0.0
evidence_unit_semantic_no_match,145_u2,145,unit_text 唯一命中 clean id=265（parent_id 错位）; sim=0.0149 ngram=0.0
evidence_unit_semantic_no_match,145_u3,145,unit_text 唯一命中 clean id=265（parent_id 错位）; sim=0.0552 ngram=0.0
evidence_unit_semantic_no_match,145_u4,145,unit_text 唯一命中 clean id=265（parent_id 错位）; sim=0.0567 ngram=0.0
evidence_unit_semantic_no_match,145_u5,145,unit_text 唯一命中 clean id=265（parent_id 错位）; sim=0.0588 ngram=0.0
evidence_unit_semantic_no_match,146_u1,146,unit_text 唯一命中 clean id=266（parent_id 错位）; sim=0.0103 ngram=0.0588
evidence_unit_semantic_no_match,146_u2,146,unit_text 唯一命中 clean id=266（parent_id 错位）; sim=0.0 ngram=0.0
evidence_unit_semantic_no_match,146_u3,146,unit_text 唯一命中 clean id=266（parent_id 错位）; sim=0.0053 ngram=0.0
evidence_unit_semantic_no_match,146_u4,146,unit_text 唯一命中 clean id=266（parent_id 错位）; sim=0.0156 ngram=0.0
evidence_unit_semantic_no_match,146_u5,146,unit_text 唯一命中 clean id=266（parent_id 错位）; sim=0.0052 ngram=0.0
evidence_unit_semantic_no_match,147_u1,147,unit_text 唯一命中 clean id=267（parent_id 错位）; sim=0.0184 ngram=0.0
evidence_unit_semantic_no_match,147_u2,147,unit_text 唯一命中 clean id=267（parent_id 错位）; sim=0.0283 ngram=0.0
evidence_unit_semantic_no_match,147_u3,147,unit_text 唯一命中 clean id=267（parent_id 错位）; sim=0.0455 ngram=0.0
evidence_unit_semantic_no_match,147_u4,147,unit_text 唯一命中 clean id=267（parent_id 错位）; sim=0.0193 ngram=0.0
evidence_unit_semantic_no_match,148_u1,148,unit_text 唯一命中 clean id=268（parent_id 错位）; sim=0.0725 ngram=0.0
evidence_unit_semantic_no_match,149_u1,149,unit_text 唯一命中 clean id=269（parent_id 错位）; sim=0.0571 ngram=0.0
evidence_unit_semantic_no_match,149_u2,149,unit_text 唯一命中 clean id=269（parent_id 错位）; sim=0.0235 ngram=0.0
evidence_unit_semantic_no_match,149_u3,149,unit_text 唯一命中 clean id=269（parent_id 错位）; sim=0.0562 ngram=0.0
evidence_unit_semantic_no_match,149_u4,149,unit_text 唯一命中 clean id=269（parent_id 错位）; sim=0.0241 ngram=0.0
evidence_unit_semantic_no_match,150_u1,150,unit_text 唯一命中 clean id=270（parent_id 错位）; sim=0.0354 ngram=0.0
evidence_unit_semantic_no_match,150_u2,150,unit_text 唯一命中 clean id=270（parent_id 错位）; sim=0.0531 ngram=0.0
evidence_unit_semantic_no_match,151_u1,151,unit_text 唯一命中 clean id=271（parent_id 错位）; sim=0.0247 ngram=0.0
evidence_unit_semantic_no_match,151_u2,151,unit_text 唯一命中 clean id=271（parent_id 错位）; sim=0.0213 ngram=0.0
evidence_unit_semantic_no_match,151_u3,151,unit_text 唯一命中 clean id=271（parent_id 错位）; sim=0.0449 ngram=0.0
evidence_unit_semantic_no_match,151_u4,151,unit_text 唯一命中 clean id=271（parent_id 错位）; sim=0.0233 ngram=0.0
evidence_unit_semantic_no_match,151_u5,151,unit_text 唯一命中 clean id=271（parent_id 错位）; sim=0.05 ngram=0.0
evidence_unit_semantic_no_match,152_u1,152,unit_text 唯一命中 clean id=272（parent_id 错位）; sim=0.064 ngram=0.0
evidence_unit_semantic_no_match,153_u1,153,unit_text 唯一命中 clean id=273（parent_id 错位）; sim=0.0136 ngram=0.0
evidence_unit_semantic_no_match,154_u1,154,unit_text 唯一命中 clean id=274（parent_id 错位）; sim=0.0343 ngram=0.0
evidence_unit_semantic_no_match,155_u1,155,unit_text 唯一命中 clean id=275（parent_id 错位）; sim=0.0159 ngram=0.0
evidence_unit_semantic_no_match,155_u2,155,unit_text 唯一命中 clean id=275（parent_id 错位）; sim=0.021 ngram=0.0
evidence_unit_semantic_no_match,155_u3,155,unit_text 唯一命中 clean id=275（parent_id 错位）; sim=0.0159 ngram=0.2
evidence_unit_semantic_no_match,156_u1,156,unit_text 唯一命中 clean id=276（parent_id 错位）; sim=0.0165 ngram=0.0
evidence_unit_semantic_no_match,157_u1,157,unit_text 唯一命中 clean id=277（parent_id 错位）; sim=0.0769 ngram=0.0
evidence_unit_semantic_no_match,158_u1,158,unit_text 唯一命中 clean id=278（parent_id 错位）; sim=0.0061 ngram=0.0
evidence_unit_semantic_no_match,158_u2,158,unit_text 唯一命中 clean id=278（parent_id 错位）; sim=0.0182 ngram=0.0
evidence_unit_semantic_no_match,159_u1,159,unit_text 唯一命中 clean id=279（parent_id 错位）; sim=0.0611 ngram=0.069
evidence_unit_semantic_no_match,159_u2,159,unit_text 唯一命中 clean id=279（parent_id 错位）; sim=0.0526 ngram=0.0
evidence_unit_semantic_no_match,160_u1,160,unit_text 唯一命中 clean id=280（parent_id 错位）; sim=0.0938 ngram=0.0
evidence_unit_semantic_no_match,160_u2,160,unit_text 唯一命中 clean id=280（parent_id 错位）; sim=0.0615 ngram=0.0
evidence_unit_semantic_no_match,160_u3,160,unit_text 唯一命中 clean id=280（parent_id 错位）; sim=0.0896 ngram=0.0
evidence_unit_semantic_no_match,160_u4,160,unit_text 唯一命中 clean id=280（parent_id 错位）; sim=0.0 ngram=0.0
evidence_unit_semantic_no_match,160_u5,160,unit_text 唯一命中 clean id=280（parent_id 错位）; sim=0.0882 ngram=0.0
evidence_unit_semantic_no_match,161_u1,161,unit_text 唯一命中 clean id=281（parent_id 错位）; sim=0.0882 ngram=0.0
evidence_unit_semantic_no_match,162_u1,162,unit_text 唯一命中 clean id=282（parent_id 错位）; sim=0.0194 ngram=0.0
evidence_unit_semantic_no_match,162_u2,162,unit_text 唯一命中 clean id=282（parent_id 错位）; sim=0.0206 ngram=0.0
evidence_unit_semantic_no_match,162_u3,162,unit_text 唯一命中 clean id=282（parent_id 错位）; sim=0.0577 ngram=0.0
evidence_unit_semantic_no_match,163_u1,163,unit_text 唯一命中 clean id=283（parent_id 错位）; sim=0.0 ngram=0.0
evidence_unit_semantic_no_match,163_u2,163,unit_text 唯一命中 clean id=283（parent_id 错位）; sim=0.0253 ngram=0.0
evidence_unit_semantic_no_match,164_u1,164,unit_text 唯一命中 clean id=284（parent_id 错位）; sim=0.0923 ngram=0.0
evidence_unit_semantic_no_match,164_u2,164,unit_text 唯一命中 clean id=284（parent_id 错位）; sim=0.0625 ngram=0.0
evidence_unit_semantic_no_match,165_u1,165,unit_text 唯一命中 clean id=285（parent_id 错位）; sim=0.0258 ngram=0.0
evidence_unit_semantic_no_match,166_u1,166,unit_text 唯一命中 clean id=286（parent_id 错位）; sim=0.0206 ngram=0.0
evidence_unit_semantic_no_match,166_u2,166,unit_text 唯一命中 clean id=286（parent_id 错位）; sim=0.0192 ngram=0.0
evidence_unit_semantic_no_match,166_u3,166,unit_text 唯一命中 clean id=286（parent_id 错位）; sim=0.0227 ngram=0.0
evidence_unit_semantic_no_match,167_u1,167,unit_text 唯一命中 clean id=287（parent_id 错位）; sim=0.0408 ngram=0.0
evidence_unit_semantic_no_match,167_u2,167,unit_text 唯一命中 clean id=287（parent_id 错位）; sim=0.1008 ngram=0.0
evidence_unit_semantic_no_match,167_u3,167,unit_text 唯一命中 clean id=287（parent_id 错位）; sim=0.0404 ngram=0.0
evidence_unit_semantic_no_match,168_u1,168,unit_text 唯一命中 clean id=288（parent_id 错位）; sim=0.0381 ngram=0.0
evidence_unit_semantic_no_match,169_u1,169,unit_text 唯一命中 clean id=289（parent_id 错位）; sim=0.0292 ngram=0.0
evidence_unit_semantic_no_match,170_u1,170,unit_text 唯一命中 clean id=290（parent_id 错位）; sim=0.1261 ngram=0.0333
evidence_unit_semantic_no_match,171_u1,171,unit_text 唯一命中 clean id=291（parent_id 错位）; sim=0.0571 ngram=0.0
evidence_unit_semantic_no_match,171_u2,171,unit_text 唯一命中 clean id=291（parent_id 错位）; sim=0.0909 ngram=0.0
evidence_unit_semantic_no_match,171_u3,171,unit_text 唯一命中 clean id=291（parent_id 错位）; sim=0.0896 ngram=0.0
evidence_unit_semantic_no_match,171_u4,171,unit_text 唯一命中 clean id=291（parent_id 错位）; sim=0.0615 ngram=0.0
evidence_unit_semantic_no_match,171_u5,171,unit_text 唯一命中 clean id=291（parent_id 错位）; sim=0.0656 ngram=0.0
evidence_unit_semantic_no_match,171_u6,171,unit_text 唯一命中 clean id=291（parent_id 错位）; sim=0.0635 ngram=0.0
evidence_unit_semantic_no_match,172_u1,172,unit_text 唯一命中 clean id=292（parent_id 错位）; sim=0.0 ngram=0.0
evidence_unit_semantic_no_match,172_u2,172,unit_text 唯一命中 clean id=292（parent_id 错位）; sim=0.0 ngram=0.0
evidence_unit_semantic_no_match,172_u3,172,unit_text 唯一命中 clean id=292（parent_id 错位）; sim=0.0 ngram=0.0
evidence_unit_semantic_no_match,172_u4,172,unit_text 唯一命中 clean id=292（parent_id 错位）; sim=0.0 ngram=0.0
evidence_unit_semantic_no_match,172_u5,172,unit_text 唯一命中 clean id=292（parent_id 错位）; sim=0.0 ngram=0.0
evidence_unit_semantic_no_match,173_u1,173,unit_text 唯一命中 clean id=293（parent_id 错位）; sim=0.0635 ngram=0.0
evidence_unit_semantic_no_match,173_u2,173,unit_text 唯一命中 clean id=293（parent_id 错位）; sim=0.0526 ngram=0.0
evidence_unit_semantic_no_match,173_u3,173,unit_text 唯一命中 clean id=293（parent_id 错位）; sim=0.1017 ngram=0.0
evidence_unit_semantic_no_match,174_u1,174,unit_text 唯一命中 clean id=294（parent_id 错位）; sim=0.0571 ngram=0.0
evidence_unit_semantic_no_match,175_u1,175,unit_text 唯一命中 clean id=295（parent_id 错位）; sim=0.0556 ngram=0.0
evidence_unit_semantic_no_match,175_u2,175,unit_text 唯一命中 clean id=295（parent_id 错位）; sim=0.0 ngram=0.0
evidence_unit_semantic_no_match,176_u1,176,unit_text 唯一命中 clean id=296（parent_id 错位）; sim=0.0462 ngram=0.0
evidence_unit_semantic_no_match,177_u1,177,unit_text 唯一命中 clean id=297（parent_id 错位）; sim=0.0851 ngram=0.0
evidence_unit_semantic_no_match,178_u1,178,unit_text 唯一命中 clean id=298（parent_id 错位）; sim=0.0526 ngram=0.0
evidence_unit_semantic_no_match,178_u2,178,unit_text 唯一命中 clean id=298（parent_id 错位）; sim=0.0723 ngram=0.0
evidence_unit_semantic_no_match,178_u3,178,unit_text 唯一命中 clean id=298（parent_id 错位）; sim=0.0533 ngram=0.0
evidence_unit_semantic_no_match,178_u4,178,unit_text 唯一命中 clean id=298（parent_id 错位）; sim=0.0449 ngram=0.0
evidence_unit_semantic_no_match,178_u5,178,unit_text 唯一命中 clean id=298（parent_id 错位）; sim=0.0 ngram=0.0
evidence_unit_semantic_no_match,179_u1,179,unit_text 唯一命中 clean id=299（parent_id 错位）; sim=0.0 ngram=0.0
evidence_unit_semantic_no_match,179_u2,179,unit_text 唯一命中 clean id=299（parent_id 错位）; sim=0.0606 ngram=0.0
evidence_unit_semantic_no_match,179_u3,179,unit_text 唯一命中 clean id=299（parent_id 错位）; sim=0.0588 ngram=0.0
evidence_unit_semantic_no_match,180_u1,180,unit_text 唯一命中 clean id=300（parent_id 错位）; sim=0.0455 ngram=0.0
evidence_unit_semantic_no_match,180_u2,180,unit_text 唯一命中 clean id=300（parent_id 错位）; sim=0.0909 ngram=0.0
evidence_unit_semantic_no_match,180_u3,180,unit_text 唯一命中 clean id=300（parent_id 错位）; sim=0.04 ngram=0.0
evidence_unit_semantic_no_match,180_u4,180,unit_text 唯一命中 clean id=300（parent_id 错位）; sim=0.0488 ngram=0.0
evidence_unit_semantic_no_match,180_u5,180,unit_text 唯一命中 clean id=300（parent_id 错位）; sim=0.0 ngram=0.0
evidence_unit_semantic_no_match,181_u1,181,unit_text 唯一命中 clean id=301（parent_id 错位）; sim=0.0667 ngram=0.0
evidence_unit_semantic_no_match,181_u2,181,unit_text 唯一命中 clean id=301（parent_id 错位）; sim=0.037 ngram=0.0
evidence_unit_semantic_no_match,182_u1,182,unit_text 唯一命中 clean id=302（parent_id 错位）; sim=0.0588 ngram=0.0
evidence_unit_semantic_no_match,183_u1,183,unit_text 唯一命中 clean id=303（parent_id 错位）; sim=0.0769 ngram=0.0
evidence_unit_semantic_no_match,183_u2,183,unit_text 唯一命中 clean id=303（parent_id 错位）; sim=0.0377 ngram=0.0
evidence_unit_semantic_no_match,184_u1,184,unit_text 唯一命中 clean id=304（parent_id 错位）; sim=0.0667 ngram=0.0
evidence_unit_semantic_no_match,184_u2,184,unit_text 唯一命中 clean id=304（parent_id 错位）; sim=0.0635 ngram=0.0
evidence_unit_semantic_no_match,184_u3,184,unit_text 唯一命中 clean id=304（parent_id 错位）; sim=0.0708 ngram=0.0
evidence_unit_semantic_no_match,184_u4,184,unit_text 唯一命中 clean id=304（parent_id 错位）; sim=0.0762 ngram=0.0
evidence_unit_semantic_no_match,184_u5,184,unit_text 唯一命中 clean id=304（parent_id 错位）; sim=0.0893 ngram=0.0
evidence_unit_semantic_no_match,185_u1,185,unit_text 唯一命中 clean id=305（parent_id 错位）; sim=0.0 ngram=0.0
evidence_unit_semantic_no_match,185_u2,185,unit_text 唯一命中 clean id=305（parent_id 错位）; sim=0.027 ngram=0.0
evidence_unit_semantic_no_match,185_u3,185,unit_text 唯一命中 clean id=305（parent_id 错位）; sim=0.0 ngram=0.0
evidence_unit_semantic_no_match,185_u4,185,unit_text 唯一命中 clean id=305（parent_id 错位）; sim=0.0519 ngram=0.0
evidence_unit_semantic_no_match,185_u5,185,unit_text 唯一命中 clean id=305（parent_id 错位）; sim=0.0274 ngram=0.0
evidence_unit_semantic_no_match,185_u6,185,unit_text 唯一命中 clean id=305（parent_id 错位）; sim=0.0278 ngram=0.0
evidence_unit_semantic_no_match,186_u1,186,unit_text 唯一命中 clean id=306（parent_id 错位）; sim=0.0795 ngram=0.0
evidence_unit_semantic_no_match,186_u2,186,unit_text 唯一命中 clean id=306（parent_id 错位）; sim=0.0157 ngram=0.0
evidence_unit_semantic_no_match,187_u1,187,unit_text 唯一命中 clean id=307（parent_id 错位）; sim=0.0233 ngram=0.0
evidence_unit_semantic_no_match,187_u2,187,unit_text 唯一命中 clean id=307（parent_id 错位）; sim=0.06 ngram=0.0
evidence_unit_semantic_no_match,188_u1,188,unit_text 唯一命中 clean id=308（parent_id 错位）; sim=0.0 ngram=0.0
evidence_unit_semantic_no_match,188_u2,188,unit_text 唯一命中 clean id=308（parent_id 错位）; sim=0.0455 ngram=0.0
evidence_unit_semantic_no_match,189_u1,189,unit_text 唯一命中 clean id=309（parent_id 错位）; sim=0.0638 ngram=0.0
evidence_unit_semantic_no_match,190_u1,190,unit_text 唯一命中 clean id=310（parent_id 错位）; sim=0.0879 ngram=0.0
evidence_unit_semantic_no_match,190_u2,190,unit_text 唯一命中 clean id=310（parent_id 错位）; sim=0.098 ngram=0.0
evidence_unit_semantic_no_match,191_u1,191,unit_text 唯一命中 clean id=311（parent_id 错位）; sim=0.0 ngram=0.0
evidence_unit_semantic_no_match,192_u1,192,unit_text 唯一命中 clean id=312（parent_id 错位）; sim=0.0488 ngram=0.0
evidence_unit_semantic_no_match,193_u1,193,unit_text 唯一命中 clean id=313（parent_id 错位）; sim=0.04 ngram=0.0
evidence_unit_semantic_no_match,193_u2,193,unit_text 唯一命中 clean id=313（parent_id 错位）; sim=0.0444 ngram=0.0
evidence_unit_semantic_no_match,193_u3,193,unit_text 唯一命中 clean id=313（parent_id 错位）; sim=0.0 ngram=0.0
evidence_unit_semantic_no_match,194_u1,194,unit_text 唯一命中 clean id=314（parent_id 错位）; sim=0.0632 ngram=0.0
evidence_unit_semantic_no_match,195_u1,195,unit_text 唯一命中 clean id=315（parent_id 错位）; sim=0.0899 ngram=0.0
evidence_unit_semantic_no_match,195_u2,195,unit_text 唯一命中 clean id=315（parent_id 错位）; sim=0.1489 ngram=0.0
evidence_unit_semantic_no_match,196_u1,196,unit_text 唯一命中 clean id=316（parent_id 错位）; sim=0.0323 ngram=0.0
evidence_unit_semantic_no_match,196_u2,196,unit_text 唯一命中 clean id=316（parent_id 错位）; sim=0.1154 ngram=0.0
evidence_unit_semantic_no_match,197_u1,197,unit_text 唯一命中 clean id=317（parent_id 错位）; sim=0.0 ngram=0.0
evidence_unit_semantic_no_match,197_u2,197,unit_text 唯一命中 clean id=317（parent_id 错位）; sim=0.0 ngram=0.0
evidence_unit_semantic_no_match,198_u1,198,unit_text 唯一命中 clean id=318（parent_id 错位）; sim=0.069 ngram=0.0
evidence_unit_semantic_no_match,199_u1,199,unit_text 唯一命中 clean id=319（parent_id 错位）; sim=0.0952 ngram=0.0
evidence_unit_semantic_no_match,199_u2,199,unit_text 唯一命中 clean id=319（parent_id 错位）; sim=0.0769 ngram=0.0
evidence_unit_semantic_no_match,199_u3,199,unit_text 唯一命中 clean id=319（parent_id 错位）; sim=0.0769 ngram=0.0
evidence_unit_semantic_no_match,199_u4,199,unit_text 唯一命中 clean id=319（parent_id 错位）; sim=0.0385 ngram=0.0
evidence_unit_semantic_no_match,199_u5,199,unit_text 唯一命中 clean id=319（parent_id 错位）; sim=0.0845 ngram=0.0
evidence_unit_semantic_no_match,200_u1,200,unit_text 唯一命中 clean id=320（parent_id 错位）; sim=0.0526 ngram=0.0
evidence_unit_semantic_no_match,201_u1,201,unit_text 唯一命中 clean id=321（parent_id 错位）; sim=0.0833 ngram=0.0
evidence_unit_semantic_no_match,202_u1,202,unit_text 唯一命中 clean id=322（parent_id 错位）; sim=0.0444 ngram=0.0
evidence_unit_semantic_no_match,203_u1,203,unit_text 唯一命中 clean id=323（parent_id 错位）; sim=0.0896 ngram=0.0
evidence_unit_semantic_no_match,203_u2,203,unit_text 唯一命中 clean id=323（parent_id 错位）; sim=0.0426 ngram=0.0
evidence_unit_semantic_no_match,204_u1,204,unit_text 唯一命中 clean id=324（parent_id 错位）; sim=0.0333 ngram=0.0
evidence_unit_semantic_no_match,204_u2,204,unit_text 唯一命中 clean id=324（parent_id 错位）; sim=0.1212 ngram=0.0667
evidence_unit_semantic_no_match,205_u1,205,unit_text 唯一命中 clean id=325（parent_id 错位）; sim=0.0263 ngram=0.0
evidence_unit_semantic_no_match,205_u2,205,unit_text 唯一命中 clean id=325（parent_id 错位）; sim=0.0 ngram=0.0
evidence_unit_semantic_no_match,205_u3,205,unit_text 唯一命中 clean id=325（parent_id 错位）; sim=0.0513 ngram=0.0
evidence_unit_semantic_no_match,206_u1,206,unit_text 唯一命中 clean id=326（parent_id 错位）; sim=0.0267 ngram=0.0
evidence_unit_semantic_no_match,206_u2,206,unit_text 唯一命中 clean id=326（parent_id 错位）; sim=0.0 ngram=0.0
evidence_unit_semantic_no_match,207_u1,207,unit_text 唯一命中 clean id=327（parent_id 错位）; sim=0.0342 ngram=0.0
evidence_unit_semantic_no_match,208_u1,208,unit_text 唯一命中 clean id=328（parent_id 错位）; sim=0.0816 ngram=0.0
evidence_unit_semantic_no_match,208_u2,208,unit_text 唯一命中 clean id=328（parent_id 错位）; sim=0.1081 ngram=0.0
evidence_unit_semantic_no_match,209_u1,209,unit_text 唯一命中 clean id=329（parent_id 错位）; sim=0.1356 ngram=0.0
evidence_unit_semantic_no_match,210_u1,210,unit_text 唯一命中 clean id=330（parent_id 错位）; sim=0.0488 ngram=0.0
evidence_unit_semantic_no_match,210_u2,210,unit_text 唯一命中 clean id=330（parent_id 错位）; sim=0.0 ngram=0.0
evidence_unit_semantic_no_match,211_u1,211,unit_text 唯一命中 clean id=331（parent_id 错位）; sim=0.1852 ngram=0.0
evidence_unit_semantic_no_match,211_u2,211,unit_text 唯一命中 clean id=331（parent_id 错位）; sim=0.1212 ngram=0.0
evidence_unit_semantic_no_match,211_u3,211,unit_text 唯一命中 clean id=331（parent_id 错位）; sim=0.1333 ngram=0.0
evidence_unit_semantic_no_match,211_u4,211,unit_text 唯一命中 clean id=331（parent_id 错位）; sim=0.15 ngram=0.0
evidence_unit_semantic_no_match,211_u5,211,unit_text 唯一命中 clean id=331（parent_id 错位）; sim=0.0606 ngram=0.0
evidence_unit_semantic_no_match,212_u1,212,unit_text 唯一命中 clean id=332（parent_id 错位）; sim=0.0 ngram=0.0
evidence_unit_semantic_no_match,212_u2,212,unit_text 唯一命中 clean id=332（parent_id 错位）; sim=0.0333 ngram=0.0
evidence_unit_semantic_no_match,212_u3,212,unit_text 唯一命中 clean id=332（parent_id 错位）; sim=0.0333 ngram=0.0
evidence_unit_semantic_no_match,213_u1,213,unit_text 唯一命中 clean id=333（parent_id 错位）; sim=0.0299 ngram=0.0
evidence_unit_semantic_no_match,213_u2,213,unit_text 唯一命中 clean id=333（parent_id 错位）; sim=0.0548 ngram=0.0
evidence_unit_semantic_no_match,214_u1,214,unit_text 唯一命中 clean id=334（parent_id 错位）; sim=0.0592 ngram=0.0
evidence_unit_semantic_no_match,215_u1,215,unit_text 唯一命中 clean id=335（parent_id 错位）; sim=0.0741 ngram=0.0
evidence_unit_semantic_no_match,215_u2,215,unit_text 唯一命中 clean id=335（parent_id 错位）; sim=0.0741 ngram=0.0
evidence_unit_semantic_no_match,215_u3,215,unit_text 唯一命中 clean id=335（parent_id 错位）; sim=0.0833 ngram=0.0
evidence_unit_semantic_no_match,216_u1,216,unit_text 唯一命中 clean id=336（parent_id 错位）; sim=0.0455 ngram=0.0
evidence_unit_semantic_no_match,217_u1,217,unit_text 唯一命中 clean id=337（parent_id 错位）; sim=0.0769 ngram=0.0
evidence_unit_semantic_no_match,218_u1,218,unit_text 唯一命中 clean id=338（parent_id 错位）; sim=0.0971 ngram=0.0
evidence_unit_semantic_no_match,219_u1,219,unit_text 唯一命中 clean id=339（parent_id 错位）; sim=0.0294 ngram=0.0
evidence_unit_semantic_no_match,219_u2,219,unit_text 唯一命中 clean id=339（parent_id 错位）; sim=0.0513 ngram=0.0
evidence_unit_semantic_no_match,220_u1,220,unit_text 唯一命中 clean id=340（parent_id 错位）; sim=0.0588 ngram=0.0
evidence_unit_semantic_no_match,220_u2,220,unit_text 唯一命中 clean id=340（parent_id 错位）; sim=0.0333 ngram=0.0
evidence_unit_semantic_no_match,221_u1,221,unit_text 唯一命中 clean id=341（parent_id 错位）; sim=0.1277 ngram=0.0
evidence_unit_semantic_no_match,222_u1,222,unit_text 唯一命中 clean id=342（parent_id 错位）; sim=0.0 ngram=0.0
evidence_unit_semantic_no_match,222_u2,222,unit_text 唯一命中 clean id=342（parent_id 错位）; sim=0.04 ngram=0.0
evidence_unit_semantic_no_match,223_u1,223,unit_text 唯一命中 clean id=343（parent_id 错位）; sim=0.0488 ngram=0.0
evidence_unit_semantic_no_match,223_u2,223,unit_text 唯一命中 clean id=343（parent_id 错位）; sim=0.0816 ngram=0.0
evidence_unit_semantic_no_match,223_u3,223,unit_text 唯一命中 clean id=343（parent_id 错位）; sim=0.0 ngram=0.0
evidence_unit_semantic_no_match,223_u4,223,unit_text 唯一命中 clean id=343（parent_id 错位）; sim=0.0833 ngram=0.0
evidence_unit_semantic_no_match,224_u1,224,unit_text 唯一命中 clean id=344（parent_id 错位）; sim=0.1333 ngram=0.0
evidence_unit_semantic_no_match,225_u1,225,unit_text 唯一命中 clean id=345（parent_id 错位）; sim=0.0857 ngram=0.0
evidence_unit_semantic_no_match,225_u2,225,unit_text 唯一命中 clean id=345（parent_id 错位）; sim=0.0606 ngram=0.0
evidence_unit_semantic_no_match,225_u3,225,unit_text 唯一命中 clean id=345（parent_id 错位）; sim=0.0968 ngram=0.0
evidence_unit_semantic_no_match,225_u4,225,unit_text 唯一命中 clean id=345（parent_id 错位）; sim=0.0851 ngram=0.0
evidence_unit_semantic_no_match,226_u1,226,unit_text 唯一命中 clean id=346（parent_id 错位）; sim=0.0238 ngram=0.0
evidence_unit_semantic_no_match,227_u1,227,unit_text 唯一命中 clean id=347（parent_id 错位）; sim=0.1132 ngram=0.0
evidence_unit_semantic_no_match,227_u2,227,unit_text 唯一命中 clean id=347（parent_id 错位）; sim=0.0769 ngram=0.0
evidence_unit_semantic_no_match,228_u1,228,unit_text 唯一命中 clean id=348（parent_id 错位）; sim=0.0706 ngram=0.0
evidence_unit_semantic_no_match,229_u1,229,unit_text 唯一命中 clean id=349（parent_id 错位）; sim=0.0889 ngram=0.0
evidence_unit_semantic_no_match,229_u2,229,unit_text 唯一命中 clean id=349（parent_id 错位）; sim=0.1026 ngram=0.0
evidence_unit_semantic_no_match,230_u1,230,unit_text 唯一命中 clean id=350（parent_id 错位）; sim=0.0392 ngram=0.0
evidence_unit_semantic_no_match,230_u2,230,unit_text 唯一命中 clean id=350（parent_id 错位）; sim=0.0769 ngram=0.0
evidence_unit_semantic_no_match,231_u1,231,unit_text 唯一命中 clean id=351（parent_id 错位）; sim=0.0755 ngram=0.0
evidence_unit_semantic_no_match,231_u2,231,unit_text 唯一命中 clean id=351（parent_id 错位）; sim=0.0625 ngram=0.0
evidence_unit_semantic_no_match,232_u1,232,unit_text 唯一命中 clean id=352（parent_id 错位）; sim=0.0714 ngram=0.0
evidence_unit_semantic_no_match,232_u2,232,unit_text 唯一命中 clean id=352（parent_id 错位）; sim=0.0 ngram=0.0
evidence_unit_semantic_no_match,233_u1,233,unit_text 唯一命中 clean id=353（parent_id 错位）; sim=0.0392 ngram=0.0
evidence_unit_semantic_no_match,233_u2,233,unit_text 唯一命中 clean id=353（parent_id 错位）; sim=0.037 ngram=0.0
evidence_unit_semantic_no_match,234_u1,234,unit_text 唯一命中 clean id=354（parent_id 错位）; sim=0.1556 ngram=0.0303
evidence_unit_semantic_no_match,235_u1,235,unit_text 唯一命中 clean id=355（parent_id 错位）; sim=0.0 ngram=0.0
evidence_unit_semantic_no_match,235_u2,235,unit_text 唯一命中 clean id=355（parent_id 错位）; sim=0.0 ngram=0.0
evidence_unit_semantic_no_match,236_u1,236,unit_text 唯一命中 clean id=356（parent_id 错位）; sim=0.0548 ngram=0.0
evidence_unit_semantic_no_match,237_u1,237,unit_text 唯一命中 clean id=357（parent_id 错位）; sim=0.0526 ngram=0.0
evidence_unit_semantic_no_match,237_u2,237,unit_text 唯一命中 clean id=357（parent_id 错位）; sim=0.0923 ngram=0.0
evidence_unit_semantic_no_match,238_u1,238,unit_text 唯一命中 clean id=358（parent_id 错位）; sim=0.093 ngram=0.0
evidence_unit_semantic_no_match,239_u1,239,unit_text 唯一命中 clean id=359（parent_id 错位）; sim=0.093 ngram=0.0
evidence_unit_semantic_no_match,240_u1,240,unit_text 唯一命中 clean id=360（parent_id 错位）; sim=0.0667 ngram=0.0667
evidence_unit_semantic_no_match,240_u2,240,unit_text 唯一命中 clean id=360（parent_id 错位）; sim=0.08 ngram=0.0
evidence_unit_semantic_no_match,240_u3,240,unit_text 唯一命中 clean id=360（parent_id 错位）; sim=0.0405 ngram=0.0
