queue_item_id,entity_type,entity_id,source_sample_id,current_status,priority,notes
RQ_00001,legacy_evidence,NGA_0001_U01,NGA_0001,legacy_ai_label_unreviewed,normal,legacy 迁移证据待人工复核
RQ_00002,legacy_evidence,NGA_0001_U02,NGA_0001,legacy_ai_label_unreviewed,normal,legacy 迁移证据待人工复核
RQ_00003,legacy_evidence,NGA_0001_U03,NGA_0001,legacy_ai_label_unreviewed,normal,legacy 迁移证据待人工复核
RQ_00004,legacy_evidence,NGA_0001_U04,NGA_0001,legacy_ai_label_unreviewed,normal,legacy 迁移证据待人工复核
RQ_00005,legacy_evidence,NGA_0002_U01,NGA_0002,legacy_ai_label_unreviewed,normal,legacy 迁移证据待人工复核
RQ_00006,legacy_evidence,NGA_0002_U02,NGA_0002,legacy_ai_label_unreviewed,normal,legacy 迁移证据待人工复核
RQ_00007,legacy_evidence,NGA_0002_U03,NGA_0002,legacy_ai_label_unreviewed,normal,legacy 迁移证据待人工复核
RQ_00008,legacy_evidence,NGA_0002_U04,NGA_0002,legacy_ai_label_unreviewed,normal,legacy 迁移证据待人工复核
RQ_00009,legacy_evidence,NGA_0002_U05,NGA_0002,legacy_ai_label_unreviewed,normal,legacy 迁移证据待人工复核
RQ_00010,legacy_evidence,NGA_0003_U01,NGA_0003,legacy_ai_label_unreviewed,normal,legacy 迁移证据待人工复核
RQ_00011,legacy_evidence,NGA_0003_U02,NGA_0003,legacy_ai_label_unreviewed,normal,legacy 迁移证据待人工复核
RQ_00012,legacy_evidence,NGA_0003_U03,NGA_0003,legacy_ai_label_unreviewed,normal,legacy 迁移证据待人工复核
RQ_00013,legacy_evidence,NGA_0003_U04,NGA_0003,legacy_ai_label_unreviewed,normal,legacy 迁移证据待人工复核
RQ_00014,legacy_evidence,NGA_0003_U05,NGA_0003,legacy_ai_label_unreviewed,normal,legacy 迁移证据待人工复核
RQ_00015,legacy_evidence,NGA_0003_U06,NGA_0003,legacy_ai_label_unreviewed,normal,legacy 迁移证据待人工复核
RQ_00016,legacy_evidence,NGA_0003_U07,NGA_0003,legacy_ai_label_unreviewed,normal,legacy 迁移证据待人工复核
RQ_00017,legacy_evidence,NGA_0003_U08,NGA_0003,legacy_ai_label_unreviewed,normal,legacy 迁移证据待人工复核
RQ_00018,legacy_evidence,NGA_0003_U09,NGA_0003,legacy_ai_label_unreviewed,normal,legacy 迁移证据待人工复核
RQ_00019,legacy_evidence,NGA_0003_U10,NGA_0003,legacy_ai_label_unreviewed,normal,legacy 迁移证据待人工复核
RQ_00020,legacy_evidence,NGA_0003_U11,NGA_0003,legacy_ai_label_unreviewed,normal,legacy 迁移证据待人工复核
RQ_00021,legacy_evidence,NGA_0004_U01,NGA_0004,legacy_ai_label_unreviewed,normal,legacy 迁移证据待人工复核
RQ_00022,legacy_evidence,NGA_0004_U02,NGA_0004,legacy_ai_label_unreviewed,normal,legacy 迁移证据待人工复核
RQ_00023,legacy_evidence,NGA_0004_U03,NGA_0004,legacy_ai_label_unreviewed,normal,legacy 迁移证据待人工复核
RQ_00024,legacy_evidence,NGA_0005_U01,NGA_0005,legacy_ai_label_unreviewed,normal,legacy 迁移证据待人工复核
RQ_00025,legacy_evidence,NGA_0005_U02,NGA_0005,legacy_ai_label_unreviewed,normal,legacy 迁移证据待人工复核
RQ_00026,legacy_evidence,NGA_0005_U03,NGA_0005,legacy_ai_label_unreviewed,normal,legacy 迁移证据待人工复核
RQ_00027,legacy_evidence,NGA_0005_U04,NGA_0005,legacy_ai_label_unreviewed,normal,legacy 迁移证据待人工复核
RQ_00028,legacy_evidence,NGA_0005_U05,NGA_0005,legacy_ai_label_unreviewed,normal,legacy 迁移证据待人工复核
RQ_00029,legacy_evidence,NGA_0005_U06,NGA_0005,legacy_ai_label_unreviewed,normal,legacy 迁移证据待人工复核
RQ_00030,legacy_evidence,NGA_0005_U07,NGA_0005,legacy_ai_label_unreviewed,normal,legacy 迁移证据待人工复核
RQ_00031,legacy_evidence,NGA_0005_U08,NGA_0005,legacy_ai_label_unreviewed,normal,legacy 迁移证据待人工复核
RQ_00032,legacy_evidence,NGA_0005_U09,NGA_0005,legacy_ai_label_unreviewed,normal,legacy 迁移证据待人工复核
RQ_00033,legacy_evidence,NGA_0006_U01,NGA_0006,legacy_ai_label_unreviewed,normal,legacy 迁移证据待人工复核
RQ_00034,legacy_evidence,NGA_0006_U02,NGA_0006,legacy_ai_label_unreviewed,normal,legacy 迁移证据待人工复核
RQ_00035,legacy_evidence,NGA_0006_U03,NGA_0006,legacy_ai_label_unreviewed,normal,legacy 迁移证据待人工复核
RQ_00036,legacy_evidence,NGA_0006_U04,NGA_0006,legacy_ai_label_unreviewed,normal,legacy 迁移证据待人工复核
RQ_00037,legacy_evidence,NGA_0006_U05,NGA_0006,legacy_ai_label_unreviewed,normal,legacy 迁移证据待人工复核
RQ_00038,legacy_evidence,NGA_0006_U06,NGA_0006,legacy_ai_label_unreviewed,normal,legacy 迁移证据待人工复核
RQ_00039,legacy_evidence,NGA_0006_U07,NGA_0006,legacy_ai_label_unreviewed,normal,legacy 迁移证据待人工复核
RQ_00040,legacy_evidence,NGA_0006_U08,NGA_0006,legacy_ai_label_unreviewed,normal,legacy 迁移证据待人工复核
RQ_00041,legacy_evidence,NGA_0007_U01,NGA_0007,legacy_ai_label_unreviewed,normal,legacy 迁移证据待人工复核
RQ_00042,legacy_evidence,NGA_0007_U02,NGA_0007,legacy_ai_label_unreviewed,normal,legacy 迁移证据待人工复核
RQ_00043,legacy_evidence,NGA_0007_U03,NGA_0007,legacy_ai_label_unreviewed,normal,legacy 迁移证据待人工复核
RQ_00044,legacy_evidence,NGA_0007_U04,NGA_0007,legacy_ai_label_unreviewed,normal,legacy 迁移证据待人工复核
RQ_00045,legacy_evidence,NGA_0008_U01,NGA_0008,legacy_ai_label_unreviewed,normal,legacy 迁移证据待人工复核
RQ_00046,legacy_evidence,NGA_0008_U02,NGA_0008,legacy_ai_label_unreviewed,normal,legacy 迁移证据待人工复核
RQ_00047,legacy_evidence,NGA_0008_U03,NGA_0008,legacy_ai_label_unreviewed,normal,legacy 迁移证据待人工复核
RQ_00048,legacy_evidence,NGA_0009_U01,NGA_0009,legacy_ai_label_unreviewed,normal,legacy 迁移证据待人工复核
RQ_00049,legacy_evidence,NGA_0009_U02,NGA_0009,legacy_ai_label_unreviewed,normal,legacy 迁移证据待人工复核
RQ_00050,legacy_evidence,NGA_0010_U01,NGA_0010,legacy_ai_label_unreviewed,normal,legacy 迁移证据待人工复核
RQ_00051,legacy_evidence,NGA_0010_U02,NGA_0010,legacy_ai_label_unreviewed,normal,legacy 迁移证据待人工复核
RQ_00052,legacy_evidence,NGA_0011_U01,NGA_0011,legacy_ai_label_unreviewed,normal,legacy 迁移证据待人工复核
RQ_00053,legacy_evidence,NGA_0011_U02,NGA_0011,legacy_ai_label_unreviewed,normal,legacy 迁移证据待人工复核
RQ_00054,legacy_evidence,NGA_0011_U03,NGA_0011,legacy_ai_label_unreviewed,normal,legacy 迁移证据待人工复核
RQ_00055,legacy_evidence,NGA_0011_U04,NGA_0011,legacy_ai_label_unreviewed,normal,legacy 迁移证据待人工复核
RQ_00056,legacy_evidence,NGA_0011_U05,NGA_0011,legacy_ai_label_unreviewed,normal,legacy 迁移证据待人工复核
RQ_00057,legacy_evidence,NGA_0011_U06,NGA_0011,legacy_ai_label_unreviewed,normal,legacy 迁移证据待人工复核
RQ_00058,legacy_evidence,NGA_0011_U07,NGA_0011,legacy_ai_label_unreviewed,normal,legacy 迁移证据待人工复核
RQ_00059,legacy_evidence,NGA_0012_U01,NGA_0012,legacy_ai_label_unreviewed,normal,legacy 迁移证据待人工复核
RQ_00060,legacy_evidence,NGA_0013_U01,NGA_0013,legacy_ai_label_unreviewed,normal,legacy 迁移证据待人工复核
RQ_00061,legacy_evidence,NGA_0013_U02,NGA_0013,legacy_ai_label_unreviewed,normal,legacy 迁移证据待人工复核
RQ_00062,legacy_evidence,NGA_0013_U03,NGA_0013,legacy_ai_label_unreviewed,normal,legacy 迁移证据待人工复核
RQ_00063,legacy_evidence,NGA_0014_U01,NGA_0014,legacy_ai_label_unreviewed,normal,legacy 迁移证据待人工复核
RQ_00064,legacy_evidence,NGA_0014_U02,NGA_0014,legacy_ai_label_unreviewed,normal,legacy 迁移证据待人工复核
RQ_00065,legacy_evidence,NGA_0014_U03,NGA_0014,legacy_ai_label_unreviewed,normal,legacy 迁移证据待人工复核
RQ_00066,legacy_evidence,NGA_0015_U01,NGA_0015,legacy_ai_label_unreviewed,normal,legacy 迁移证据待人工复核
RQ_00067,legacy_evidence,NGA_0015_U02,NGA_0015,legacy_ai_label_unreviewed,normal,legacy 迁移证据待人工复核
RQ_00068,legacy_evidence,NGA_0015_U03,NGA_0015,legacy_ai_label_unreviewed,normal,legacy 迁移证据待人工复核
RQ_00069,legacy_evidence,NGA_0015_U04,NGA_0015,legacy_ai_label_unreviewed,normal,legacy 迁移证据待人工复核
RQ_00070,legacy_evidence,NGA_0015_U05,NGA_0015,legacy_ai_label_unreviewed,normal,legacy 迁移证据待人工复核
RQ_00071,legacy_evidence,NGA_0016_U01,NGA_0016,legacy_ai_label_unreviewed,normal,legacy 迁移证据待人工复核
RQ_00072,legacy_evidence,NGA_0016_U02,NGA_0016,legacy_ai_label_unreviewed,normal,legacy 迁移证据待人工复核
RQ_00073,legacy_evidence,NGA_0016_U03,NGA_0016,legacy_ai_label_unreviewed,normal,legacy 迁移证据待人工复核
RQ_00074,legacy_evidence,NGA_0016_U04,NGA_0016,legacy_ai_label_unreviewed,normal,legacy 迁移证据待人工复核
RQ_00075,legacy_evidence,NGA_0016_U05,NGA_0016,legacy_ai_label_unreviewed,normal,legacy 迁移证据待人工复核
RQ_00076,legacy_evidence,NGA_0016_U06,NGA_0016,legacy_ai_label_unreviewed,normal,legacy 迁移证据待人工复核
RQ_00077,legacy_evidence,NGA_0017_U01,NGA_0017,legacy_ai_label_unreviewed,normal,legacy 迁移证据待人工复核
RQ_00078,legacy_evidence,NGA_0017_U02,NGA_0017,legacy_ai_label_unreviewed,normal,legacy 迁移证据待人工复核
RQ_00079,legacy_evidence,NGA_0017_U03,NGA_0017,legacy_ai_label_unreviewed,normal,legacy 迁移证据待人工复核
RQ_00080,legacy_evidence,NGA_0018_U01,NGA_0018,legacy_ai_label_unreviewed,normal,legacy 迁移证据待人工复核
RQ_00081,legacy_evidence,NGA_0018_U02,NGA_0018,legacy_ai_label_unreviewed,normal,legacy 迁移证据待人工复核
RQ_00082,legacy_evidence,NGA_0018_U03,NGA_0018,legacy_ai_label_unreviewed,normal,legacy 迁移证据待人工复核
RQ_00083,legacy_evidence,NGA_0018_U04,NGA_0018,legacy_ai_label_unreviewed,normal,legacy 迁移证据待人工复核
RQ_00084,legacy_evidence,NGA_0019_U01,NGA_0019,legacy_ai_label_unreviewed,normal,legacy 迁移证据待人工复核
RQ_00085,legacy_evidence,NGA_0019_U02,NGA_0019,legacy_ai_label_unreviewed,normal,legacy 迁移证据待人工复核
RQ_00086,legacy_evidence,NGA_0020_U01,NGA_0020,legacy_ai_label_unreviewed,normal,legacy 迁移证据待人工复核
RQ_00087,legacy_evidence,NGA_0020_U02,NGA_0020,legacy_ai_label_unreviewed,normal,legacy 迁移证据待人工复核
RQ_00088,legacy_evidence,NGA_0020_U03,NGA_0020,legacy_ai_label_unreviewed,normal,legacy 迁移证据待人工复核
RQ_00089,legacy_evidence,NGA_0020_U04,NGA_0020,legacy_ai_label_unreviewed,normal,legacy 迁移证据待人工复核
RQ_00090,legacy_evidence,NGA_0021_U01,NGA_0021,legacy_ai_label_unreviewed,normal,legacy 迁移证据待人工复核
RQ_00091,legacy_evidence,NGA_0021_U02,NGA_0021,legacy_ai_label_unreviewed,normal,legacy 迁移证据待人工复核
RQ_00092,legacy_evidence,NGA_0022_U01,NGA_0022,legacy_ai_label_unreviewed,normal,legacy 迁移证据待人工复核
RQ_00093,legacy_evidence,NGA_0022_U02,NGA_0022,legacy_ai_label_unreviewed,normal,legacy 迁移证据待人工复核
RQ_00094,legacy_evidence,NGA_0023_U01,NGA_0023,legacy_ai_label_unreviewed,normal,legacy 迁移证据待人工复核
RQ_00095,legacy_evidence,NGA_0023_U02,NGA_0023,legacy_ai_label_unreviewed,normal,legacy 迁移证据待人工复核
RQ_00096,legacy_evidence,NGA_0023_U03,NGA_0023,legacy_ai_label_unreviewed,normal,legacy 迁移证据待人工复核
RQ_00097,legacy_evidence,NGA_0024_U01,NGA_0024,legacy_ai_label_unreviewed,normal,legacy 迁移证据待人工复核
RQ_00098,legacy_evidence,NGA_0024_U02,NGA_0024,legacy_ai_label_unreviewed,normal,legacy 迁移证据待人工复核
RQ_00099,legacy_evidence,NGA_0024_U03,NGA_0024,legacy_ai_label_unreviewed,normal,legacy 迁移证据待人工复核
RQ_00100,legacy_evidence,NGA_0024_U04,NGA_0024,legacy_ai_label_unreviewed,normal,legacy 迁移证据待人工复核
RQ_00101,legacy_evidence,NGA_0024_U05,NGA_0024,legacy_ai_label_unreviewed,normal,legacy 迁移证据待人工复核
RQ_00102,legacy_evidence,NGA_0024_U06,NGA_0024,legacy_ai_label_unreviewed,normal,legacy 迁移证据待人工复核
RQ_00103,legacy_evidence,NGA_0025_U01,NGA_0025,legacy_ai_label_unreviewed,normal,legacy 迁移证据待人工复核
RQ_00104,legacy_evidence,NGA_0025_U02,NGA_0025,legacy_ai_label_unreviewed,normal,legacy 迁移证据待人工复核
RQ_00105,legacy_evidence,NGA_0025_U03,NGA_0025,legacy_ai_label_unreviewed,normal,legacy 迁移证据待人工复核
RQ_00106,legacy_evidence,NGA_0026_U01,NGA_0026,legacy_ai_label_unreviewed,normal,legacy 迁移证据待人工复核
RQ_00107,legacy_evidence,NGA_0026_U02,NGA_0026,legacy_ai_label_unreviewed,normal,legacy 迁移证据待人工复核
RQ_00108,legacy_evidence,NGA_0026_U03,NGA_0026,legacy_ai_label_unreviewed,normal,legacy 迁移证据待人工复核
RQ_00109,legacy_evidence,NGA_0026_U04,NGA_0026,legacy_ai_label_unreviewed,normal,legacy 迁移证据待人工复核
RQ_00110,legacy_evidence,NGA_0026_U05,NGA_0026,legacy_ai_label_unreviewed,normal,legacy 迁移证据待人工复核
RQ_00111,legacy_evidence,NGA_0027_U01,NGA_0027,legacy_ai_label_unreviewed,normal,legacy 迁移证据待人工复核
RQ_00112,legacy_evidence,NGA_0027_U02,NGA_0027,legacy_ai_label_unreviewed,normal,legacy 迁移证据待人工复核
RQ_00113,legacy_evidence,NGA_0027_U03,NGA_0027,legacy_ai_label_unreviewed,normal,legacy 迁移证据待人工复核
RQ_00114,legacy_evidence,NGA_0027_U04,NGA_0027,legacy_ai_label_unreviewed,normal,legacy 迁移证据待人工复核
RQ_00115,legacy_evidence,NGA_0028_U01,NGA_0028,legacy_ai_label_unreviewed,normal,legacy 迁移证据待人工复核
RQ_00116,legacy_evidence,NGA_0028_U02,NGA_0028,legacy_ai_label_unreviewed,normal,legacy 迁移证据待人工复核
RQ_00117,legacy_evidence,NGA_0028_U03,NGA_0028,legacy_ai_label_unreviewed,normal,legacy 迁移证据待人工复核
RQ_00118,legacy_evidence,NGA_0028_U04,NGA_0028,legacy_ai_label_unreviewed,normal,legacy 迁移证据待人工复核
RQ_00119,legacy_evidence,NGA_0028_U05,NGA_0028,legacy_ai_label_unreviewed,normal,legacy 迁移证据待人工复核
RQ_00120,legacy_evidence,NGA_0029_U01,NGA_0029,legacy_ai_label_unreviewed,normal,legacy 迁移证据待人工复核
RQ_00121,legacy_evidence,NGA_0029_U02,NGA_0029,legacy_ai_label_unreviewed,normal,legacy 迁移证据待人工复核
RQ_00122,legacy_evidence,NGA_0029_U03,NGA_0029,legacy_ai_label_unreviewed,normal,legacy 迁移证据待人工复核
RQ_00123,legacy_evidence,NGA_0029_U04,NGA_0029,legacy_ai_label_unreviewed,normal,legacy 迁移证据待人工复核
RQ_00124,legacy_evidence,NGA_0029_U05,NGA_0029,legacy_ai_label_unreviewed,normal,legacy 迁移证据待人工复核
RQ_00125,legacy_evidence,NGA_0029_U06,NGA_0029,legacy_ai_label_unreviewed,normal,legacy 迁移证据待人工复核
RQ_00126,legacy_evidence,NGA_0029_U07,NGA_0029,legacy_ai_label_unreviewed,normal,legacy 迁移证据待人工复核
RQ_00127,legacy_evidence,NGA_0030_U01,NGA_0030,legacy_ai_label_unreviewed,normal,legacy 迁移证据待人工复核
RQ_00128,legacy_evidence,NGA_0030_U02,NGA_0030,legacy_ai_label_unreviewed,normal,legacy 迁移证据待人工复核
RQ_00129,legacy_evidence,NGA_0030_U03,NGA_0030,legacy_ai_label_unreviewed,normal,legacy 迁移证据待人工复核
RQ_00130,legacy_evidence,NGA_0031_U01,NGA_0031,legacy_ai_label_unreviewed,normal,legacy 迁移证据待人工复核
RQ_00131,legacy_evidence,NGA_0031_U02,NGA_0031,legacy_ai_label_unreviewed,normal,legacy 迁移证据待人工复核
RQ_00132,legacy_evidence,NGA_0031_U03,NGA_0031,legacy_ai_label_unreviewed,normal,legacy 迁移证据待人工复核
RQ_00133,legacy_evidence,NGA_0032_U01,NGA_0032,legacy_ai_label_unreviewed,normal,legacy 迁移证据待人工复核
RQ_00134,legacy_evidence,NGA_0032_U02,NGA_0032,legacy_ai_label_unreviewed,normal,legacy 迁移证据待人工复核
RQ_00135,legacy_evidence,NGA_0033_U01,NGA_0033,legacy_ai_label_unreviewed,normal,legacy 迁移证据待人工复核
RQ_00136,legacy_evidence,NGA_0033_U02,NGA_0033,legacy_ai_label_unreviewed,normal,legacy 迁移证据待人工复核
RQ_00137,legacy_evidence,NGA_0033_U03,NGA_0033,legacy_ai_label_unreviewed,normal,legacy 迁移证据待人工复核
RQ_00138,legacy_evidence,NGA_0034_U01,NGA_0034,legacy_ai_label_unreviewed,normal,legacy 迁移证据待人工复核
RQ_00139,legacy_evidence,NGA_0034_U02,NGA_0034,legacy_ai_label_unreviewed,normal,legacy 迁移证据待人工复核
RQ_00140,legacy_evidence,NGA_0034_U03,NGA_0034,legacy_ai_label_unreviewed,normal,legacy 迁移证据待人工复核
RQ_00141,legacy_evidence,NGA_0034_U04,NGA_0034,legacy_ai_label_unreviewed,normal,legacy 迁移证据待人工复核
RQ_00142,legacy_evidence,NGA_0035_U01,NGA_0035,legacy_ai_label_unreviewed,normal,legacy 迁移证据待人工复核
RQ_00143,legacy_evidence,NGA_0035_U02,NGA_0035,legacy_ai_label_unreviewed,normal,legacy 迁移证据待人工复核
RQ_00144,legacy_evidence,NGA_0035_U03,NGA_0035,legacy_ai_label_unreviewed,normal,legacy 迁移证据待人工复核
RQ_00145,legacy_evidence,NGA_0035_U04,NGA_0035,legacy_ai_label_unreviewed,normal,legacy 迁移证据待人工复核
RQ_00146,legacy_evidence,NGA_0035_U05,NGA_0035,legacy_ai_label_unreviewed,normal,legacy 迁移证据待人工复核
RQ_00147,legacy_evidence,NGA_0035_U06,NGA_0035,legacy_ai_label_unreviewed,normal,legacy 迁移证据待人工复核
RQ_00148,legacy_evidence,NGA_0035_U07,NGA_0035,legacy_ai_label_unreviewed,normal,legacy 迁移证据待人工复核
RQ_00149,legacy_evidence,NGA_0035_U08,NGA_0035,legacy_ai_label_unreviewed,normal,legacy 迁移证据待人工复核
RQ_00150,legacy_evidence,NGA_0035_U09,NGA_0035,legacy_ai_label_unreviewed,normal,legacy 迁移证据待人工复核
RQ_00151,legacy_evidence,NGA_0036_U01,NGA_0036,legacy_ai_label_unreviewed,normal,legacy 迁移证据待人工复核
RQ_00152,legacy_evidence,NGA_0036_U02,NGA_0036,legacy_ai_label_unreviewed,normal,legacy 迁移证据待人工复核
RQ_00153,legacy_evidence,NGA_0036_U03,NGA_0036,legacy_ai_label_unreviewed,normal,legacy 迁移证据待人工复核
RQ_00154,legacy_evidence,NGA_0037_U01,NGA_0037,legacy_ai_label_unreviewed,normal,legacy 迁移证据待人工复核
RQ_00155,legacy_evidence,NGA_0037_U02,NGA_0037,legacy_ai_label_unreviewed,normal,legacy 迁移证据待人工复核
RQ_00156,legacy_evidence,NGA_0037_U03,NGA_0037,legacy_ai_label_unreviewed,normal,legacy 迁移证据待人工复核
RQ_00157,legacy_evidence,NGA_0038_U01,NGA_0038,legacy_ai_label_unreviewed,normal,legacy 迁移证据待人工复核
RQ_00158,legacy_evidence,NGA_0038_U02,NGA_0038,legacy_ai_label_unreviewed,normal,legacy 迁移证据待人工复核
RQ_00159,legacy_evidence,NGA_0038_U03,NGA_0038,legacy_ai_label_unreviewed,normal,legacy 迁移证据待人工复核
RQ_00160,legacy_evidence,NGA_0038_U04,NGA_0038,legacy_ai_label_unreviewed,normal,legacy 迁移证据待人工复核
RQ_00161,legacy_evidence,NGA_0038_U05,NGA_0038,legacy_ai_label_unreviewed,normal,legacy 迁移证据待人工复核
RQ_00162,legacy_evidence,NGA_0038_U06,NGA_0038,legacy_ai_label_unreviewed,normal,legacy 迁移证据待人工复核
RQ_00163,legacy_evidence,NGA_0038_U07,NGA_0038,legacy_ai_label_unreviewed,normal,legacy 迁移证据待人工复核
RQ_00164,legacy_evidence,NGA_0039_U01,NGA_0039,legacy_ai_label_unreviewed,normal,legacy 迁移证据待人工复核
RQ_00165,legacy_evidence,NGA_0039_U02,NGA_0039,legacy_ai_label_unreviewed,normal,legacy 迁移证据待人工复核
RQ_00166,legacy_evidence,NGA_0039_U03,NGA_0039,legacy_ai_label_unreviewed,normal,legacy 迁移证据待人工复核
RQ_00167,legacy_evidence,NGA_0039_U04,NGA_0039,legacy_ai_label_unreviewed,normal,legacy 迁移证据待人工复核
RQ_00168,legacy_evidence,NGA_0039_U05,NGA_0039,legacy_ai_label_unreviewed,normal,legacy 迁移证据待人工复核
RQ_00169,legacy_evidence,NGA_0040_U01,NGA_0040,legacy_ai_label_unreviewed,normal,legacy 迁移证据待人工复核
RQ_00170,legacy_evidence,NGA_0040_U02,NGA_0040,legacy_ai_label_unreviewed,normal,legacy 迁移证据待人工复核
RQ_00171,legacy_evidence,NGA_0041_U01,NGA_0041,legacy_ai_label_unreviewed,normal,legacy 迁移证据待人工复核
RQ_00172,legacy_evidence,NGA_0041_U02,NGA_0041,legacy_ai_label_unreviewed,normal,legacy 迁移证据待人工复核
RQ_00173,legacy_evidence,NGA_0042_U01,NGA_0042,legacy_ai_label_unreviewed,normal,legacy 迁移证据待人工复核
RQ_00174,legacy_evidence,NGA_0042_U02,NGA_0042,legacy_ai_label_unreviewed,normal,legacy 迁移证据待人工复核
RQ_00175,legacy_evidence,NGA_0042_U03,NGA_0042,legacy_ai_label_unreviewed,normal,legacy 迁移证据待人工复核
RQ_00176,legacy_evidence,NGA_0043_U01,NGA_0043,legacy_ai_label_unreviewed,normal,legacy 迁移证据待人工复核
RQ_00177,legacy_evidence,NGA_0043_U02,NGA_0043,legacy_ai_label_unreviewed,normal,legacy 迁移证据待人工复核
RQ_00178,legacy_evidence,NGA_0043_U03,NGA_0043,legacy_ai_label_unreviewed,normal,legacy 迁移证据待人工复核
RQ_00179,legacy_evidence,NGA_0043_U04,NGA_0043,legacy_ai_label_unreviewed,normal,legacy 迁移证据待人工复核
RQ_00180,legacy_evidence,NGA_0043_U05,NGA_0043,legacy_ai_label_unreviewed,normal,legacy 迁移证据待人工复核
RQ_00181,legacy_evidence,NGA_0044_U01,NGA_0044,legacy_ai_label_unreviewed,normal,legacy 迁移证据待人工复核
RQ_00182,legacy_evidence,NGA_0044_U02,NGA_0044,legacy_ai_label_unreviewed,normal,legacy 迁移证据待人工复核
RQ_00183,legacy_evidence,NGA_0044_U03,NGA_0044,legacy_ai_label_unreviewed,normal,legacy 迁移证据待人工复核
RQ_00184,legacy_evidence,NGA_0045_U01,NGA_0045,legacy_ai_label_unreviewed,normal,legacy 迁移证据待人工复核
RQ_00185,legacy_evidence,NGA_0045_U02,NGA_0045,legacy_ai_label_unreviewed,normal,legacy 迁移证据待人工复核
RQ_00186,legacy_evidence,NGA_0045_U03,NGA_0045,legacy_ai_label_unreviewed,normal,legacy 迁移证据待人工复核
RQ_00187,legacy_evidence,NGA_0045_U04,NGA_0045,legacy_ai_label_unreviewed,normal,legacy 迁移证据待人工复核
RQ_00188,legacy_evidence,NGA_0045_U05,NGA_0045,legacy_ai_label_unreviewed,normal,legacy 迁移证据待人工复核
RQ_00189,legacy_evidence,NGA_0045_U06,NGA_0045,legacy_ai_label_unreviewed,normal,legacy 迁移证据待人工复核
RQ_00190,legacy_evidence,NGA_0046_U01,NGA_0046,legacy_ai_label_unreviewed,normal,legacy 迁移证据待人工复核
RQ_00191,legacy_evidence,NGA_0046_U02,NGA_0046,legacy_ai_label_unreviewed,normal,legacy 迁移证据待人工复核
RQ_00192,legacy_evidence,NGA_0047_U01,NGA_0047,legacy_ai_label_unreviewed,normal,legacy 迁移证据待人工复核
RQ_00193,legacy_evidence,NGA_0047_U02,NGA_0047,legacy_ai_label_unreviewed,normal,legacy 迁移证据待人工复核
RQ_00194,legacy_evidence,NGA_0047_U03,NGA_0047,legacy_ai_label_unreviewed,normal,legacy 迁移证据待人工复核
RQ_00195,legacy_evidence,NGA_0047_U04,NGA_0047,legacy_ai_label_unreviewed,normal,legacy 迁移证据待人工复核
RQ_00196,legacy_evidence,NGA_0048_U01,NGA_0048,legacy_ai_label_unreviewed,normal,legacy 迁移证据待人工复核
RQ_00197,legacy_evidence,NGA_0048_U02,NGA_0048,legacy_ai_label_unreviewed,normal,legacy 迁移证据待人工复核
RQ_00198,legacy_evidence,NGA_0048_U03,NGA_0048,legacy_ai_label_unreviewed,normal,legacy 迁移证据待人工复核
RQ_00199,legacy_evidence,NGA_0048_U04,NGA_0048,legacy_ai_label_unreviewed,normal,legacy 迁移证据待人工复核
RQ_00200,legacy_evidence,NGA_0048_U05,NGA_0048,legacy_ai_label_unreviewed,normal,legacy 迁移证据待人工复核
RQ_00201,legacy_evidence,NGA_0049_U01,NGA_0049,legacy_ai_label_unreviewed,normal,legacy 迁移证据待人工复核
RQ_00202,legacy_evidence,NGA_0049_U02,NGA_0049,legacy_ai_label_unreviewed,normal,legacy 迁移证据待人工复核
RQ_00203,legacy_evidence,NGA_0049_U03,NGA_0049,legacy_ai_label_unreviewed,normal,legacy 迁移证据待人工复核
RQ_00204,legacy_evidence,NGA_0050_U01,NGA_0050,legacy_ai_label_unreviewed,normal,legacy 迁移证据待人工复核
RQ_00205,legacy_evidence,NGA_0050_U02,NGA_0050,legacy_ai_label_unreviewed,normal,legacy 迁移证据待人工复核
RQ_00206,legacy_evidence,NGA_0050_U03,NGA_0050,legacy_ai_label_unreviewed,normal,legacy 迁移证据待人工复核
RQ_00207,legacy_evidence,NGA_0050_U04,NGA_0050,legacy_ai_label_unreviewed,normal,legacy 迁移证据待人工复核
RQ_00208,legacy_evidence,NGA_0051_U01,NGA_0051,legacy_ai_label_unreviewed,normal,legacy 迁移证据待人工复核
RQ_00209,legacy_evidence,NGA_0051_U02,NGA_0051,legacy_ai_label_unreviewed,normal,legacy 迁移证据待人工复核
RQ_00210,legacy_evidence,NGA_0051_U03,NGA_0051,legacy_ai_label_unreviewed,normal,legacy 迁移证据待人工复核
RQ_00211,legacy_evidence,NGA_0052_U01,NGA_0052,legacy_ai_label_unreviewed,normal,legacy 迁移证据待人工复核
RQ_00212,legacy_evidence,NGA_0052_U02,NGA_0052,legacy_ai_label_unreviewed,normal,legacy 迁移证据待人工复核
RQ_00213,legacy_evidence,NGA_0052_U03,NGA_0052,legacy_ai_label_unreviewed,normal,legacy 迁移证据待人工复核
RQ_00214,legacy_evidence,NGA_0052_U04,NGA_0052,legacy_ai_label_unreviewed,normal,legacy 迁移证据待人工复核
RQ_00215,legacy_evidence,NGA_0053_U01,NGA_0053,legacy_ai_label_unreviewed,normal,legacy 迁移证据待人工复核
RQ_00216,legacy_evidence,NGA_0054_U01,NGA_0054,legacy_ai_label_unreviewed,normal,legacy 迁移证据待人工复核
RQ_00217,legacy_evidence,NGA_0054_U02,NGA_0054,legacy_ai_label_unreviewed,normal,legacy 迁移证据待人工复核
RQ_00218,legacy_evidence,NGA_0054_U03,NGA_0054,legacy_ai_label_unreviewed,normal,legacy 迁移证据待人工复核
RQ_00219,legacy_evidence,NGA_0054_U04,NGA_0054,legacy_ai_label_unreviewed,normal,legacy 迁移证据待人工复核
RQ_00220,legacy_evidence,NGA_0054_U05,NGA_0054,legacy_ai_label_unreviewed,normal,legacy 迁移证据待人工复核
RQ_00221,legacy_evidence,NGA_0054_U06,NGA_0054,legacy_ai_label_unreviewed,normal,legacy 迁移证据待人工复核
RQ_00222,legacy_evidence,NGA_0055_U01,NGA_0055,legacy_ai_label_unreviewed,normal,legacy 迁移证据待人工复核
RQ_00223,legacy_evidence,NGA_0055_U02,NGA_0055,legacy_ai_label_unreviewed,normal,legacy 迁移证据待人工复核
RQ_00224,legacy_evidence,NGA_0055_U03,NGA_0055,legacy_ai_label_unreviewed,normal,legacy 迁移证据待人工复核
RQ_00225,legacy_evidence,NGA_0055_U04,NGA_0055,legacy_ai_label_unreviewed,normal,legacy 迁移证据待人工复核
RQ_00226,legacy_evidence,NGA_0056_U01,NGA_0056,legacy_ai_label_unreviewed,normal,legacy 迁移证据待人工复核
RQ_00227,legacy_evidence,NGA_0056_U02,NGA_0056,legacy_ai_label_unreviewed,normal,legacy 迁移证据待人工复核
RQ_00228,legacy_evidence,NGA_0057_U01,NGA_0057,legacy_ai_label_unreviewed,normal,legacy 迁移证据待人工复核
RQ_00229,legacy_evidence,NGA_0057_U02,NGA_0057,legacy_ai_label_unreviewed,normal,legacy 迁移证据待人工复核
RQ_00230,legacy_evidence,NGA_0057_U03,NGA_0057,legacy_ai_label_unreviewed,normal,legacy 迁移证据待人工复核
RQ_00231,legacy_evidence,NGA_0057_U04,NGA_0057,legacy_ai_label_unreviewed,normal,legacy 迁移证据待人工复核
RQ_00232,legacy_evidence,NGA_0058_U01,NGA_0058,legacy_ai_label_unreviewed,normal,legacy 迁移证据待人工复核
RQ_00233,legacy_evidence,NGA_0058_U02,NGA_0058,legacy_ai_label_unreviewed,normal,legacy 迁移证据待人工复核
RQ_00234,legacy_evidence,NGA_0058_U03,NGA_0058,legacy_ai_label_unreviewed,normal,legacy 迁移证据待人工复核
RQ_00235,legacy_evidence,NGA_0059_U01,NGA_0059,legacy_ai_label_unreviewed,normal,legacy 迁移证据待人工复核
RQ_00236,legacy_evidence,NGA_0059_U02,NGA_0059,legacy_ai_label_unreviewed,normal,legacy 迁移证据待人工复核
RQ_00237,legacy_evidence,NGA_0060_U01,NGA_0060,legacy_ai_label_unreviewed,normal,legacy 迁移证据待人工复核
RQ_00238,legacy_evidence,NGA_0060_U02,NGA_0060,legacy_ai_label_unreviewed,normal,legacy 迁移证据待人工复核
RQ_00239,legacy_evidence,NGA_0061_U01,NGA_0061,legacy_ai_label_unreviewed,normal,legacy 迁移证据待人工复核
RQ_00240,legacy_evidence,NGA_0062_U01,NGA_0062,legacy_ai_label_unreviewed,normal,legacy 迁移证据待人工复核
RQ_00241,legacy_evidence,NGA_0062_U02,NGA_0062,legacy_ai_label_unreviewed,normal,legacy 迁移证据待人工复核
RQ_00242,legacy_evidence,NGA_0063_U01,NGA_0063,legacy_ai_label_unreviewed,normal,legacy 迁移证据待人工复核
RQ_00243,legacy_evidence,NGA_0063_U02,NGA_0063,legacy_ai_label_unreviewed,normal,legacy 迁移证据待人工复核
RQ_00244,legacy_evidence,NGA_0063_U03,NGA_0063,legacy_ai_label_unreviewed,normal,legacy 迁移证据待人工复核
RQ_00245,legacy_evidence,NGA_0064_U01,NGA_0064,legacy_ai_label_unreviewed,normal,legacy 迁移证据待人工复核
RQ_00246,legacy_evidence,NGA_0064_U02,NGA_0064,legacy_ai_label_unreviewed,normal,legacy 迁移证据待人工复核
RQ_00247,legacy_evidence,NGA_0064_U03,NGA_0064,legacy_ai_label_unreviewed,normal,legacy 迁移证据待人工复核
RQ_00248,legacy_evidence,NGA_0065_U01,NGA_0065,legacy_ai_label_unreviewed,normal,legacy 迁移证据待人工复核
RQ_00249,legacy_evidence,NGA_0065_U02,NGA_0065,legacy_ai_label_unreviewed,normal,legacy 迁移证据待人工复核
RQ_00250,legacy_evidence,NGA_0065_U03,NGA_0065,legacy_ai_label_unreviewed,normal,legacy 迁移证据待人工复核
RQ_00251,legacy_evidence,NGA_0066_U01,NGA_0066,legacy_ai_label_unreviewed,normal,legacy 迁移证据待人工复核
RQ_00252,legacy_evidence,NGA_0066_U02,NGA_0066,legacy_ai_label_unreviewed,normal,legacy 迁移证据待人工复核
RQ_00253,legacy_evidence,NGA_0066_U03,NGA_0066,legacy_ai_label_unreviewed,normal,legacy 迁移证据待人工复核
RQ_00254,legacy_evidence,NGA_0066_U04,NGA_0066,legacy_ai_label_unreviewed,normal,legacy 迁移证据待人工复核
RQ_00255,legacy_evidence,NGA_0067_U01,NGA_0067,legacy_ai_label_unreviewed,normal,legacy 迁移证据待人工复核
RQ_00256,legacy_evidence,NGA_0067_U02,NGA_0067,legacy_ai_label_unreviewed,normal,legacy 迁移证据待人工复核
RQ_00257,legacy_evidence,NGA_0067_U03,NGA_0067,legacy_ai_label_unreviewed,normal,legacy 迁移证据待人工复核
RQ_00258,legacy_evidence,NGA_0067_U04,NGA_0067,legacy_ai_label_unreviewed,normal,legacy 迁移证据待人工复核
RQ_00259,legacy_evidence,NGA_0068_U01,NGA_0068,legacy_ai_label_unreviewed,normal,legacy 迁移证据待人工复核
RQ_00260,legacy_evidence,NGA_0068_U02,NGA_0068,legacy_ai_label_unreviewed,normal,legacy 迁移证据待人工复核
RQ_00261,legacy_evidence,NGA_0068_U03,NGA_0068,legacy_ai_label_unreviewed,normal,legacy 迁移证据待人工复核
RQ_00262,legacy_evidence,NGA_0068_U04,NGA_0068,legacy_ai_label_unreviewed,normal,legacy 迁移证据待人工复核
RQ_00263,legacy_evidence,NGA_0069_U01,NGA_0069,legacy_ai_label_unreviewed,normal,legacy 迁移证据待人工复核
RQ_00264,legacy_evidence,NGA_0069_U02,NGA_0069,legacy_ai_label_unreviewed,normal,legacy 迁移证据待人工复核
RQ_00265,legacy_evidence,NGA_0070_U01,NGA_0070,legacy_ai_label_unreviewed,normal,legacy 迁移证据待人工复核
RQ_00266,legacy_evidence,NGA_0070_U02,NGA_0070,legacy_ai_label_unreviewed,normal,legacy 迁移证据待人工复核
RQ_00267,legacy_evidence,NGA_0070_U03,NGA_0070,legacy_ai_label_unreviewed,normal,legacy 迁移证据待人工复核
RQ_00268,legacy_evidence,NGA_0070_U04,NGA_0070,legacy_ai_label_unreviewed,normal,legacy 迁移证据待人工复核
RQ_00269,legacy_evidence,NGA_0070_U05,NGA_0070,legacy_ai_label_unreviewed,normal,legacy 迁移证据待人工复核
RQ_00270,legacy_evidence,NGA_0071_U01,NGA_0071,legacy_ai_label_unreviewed,normal,legacy 迁移证据待人工复核
RQ_00271,legacy_evidence,NGA_0071_U02,NGA_0071,legacy_ai_label_unreviewed,normal,legacy 迁移证据待人工复核
RQ_00272,legacy_evidence,NGA_0071_U03,NGA_0071,legacy_ai_label_unreviewed,normal,legacy 迁移证据待人工复核
RQ_00273,legacy_evidence,NGA_0071_U04,NGA_0071,legacy_ai_label_unreviewed,normal,legacy 迁移证据待人工复核
RQ_00274,legacy_evidence,NGA_0071_U05,NGA_0071,legacy_ai_label_unreviewed,normal,legacy 迁移证据待人工复核
RQ_00275,legacy_evidence,NGA_0072_U01,NGA_0072,legacy_ai_label_unreviewed,normal,legacy 迁移证据待人工复核
RQ_00276,legacy_evidence,NGA_0072_U02,NGA_0072,legacy_ai_label_unreviewed,normal,legacy 迁移证据待人工复核
RQ_00277,legacy_evidence,NGA_0072_U03,NGA_0072,legacy_ai_label_unreviewed,normal,legacy 迁移证据待人工复核
RQ_00278,legacy_evidence,NGA_0072_U04,NGA_0072,legacy_ai_label_unreviewed,normal,legacy 迁移证据待人工复核
RQ_00279,legacy_evidence,NGA_0073_U01,NGA_0073,legacy_ai_label_unreviewed,normal,legacy 迁移证据待人工复核
RQ_00280,legacy_evidence,NGA_0073_U02,NGA_0073,legacy_ai_label_unreviewed,normal,legacy 迁移证据待人工复核
RQ_00281,legacy_evidence,NGA_0074_U01,NGA_0074,legacy_ai_label_unreviewed,normal,legacy 迁移证据待人工复核
RQ_00282,legacy_evidence,NGA_0074_U02,NGA_0074,legacy_ai_label_unreviewed,normal,legacy 迁移证据待人工复核
RQ_00283,legacy_evidence,NGA_0075_U01,NGA_0075,legacy_ai_label_unreviewed,normal,legacy 迁移证据待人工复核
RQ_00284,legacy_evidence,NGA_0075_U02,NGA_0075,legacy_ai_label_unreviewed,normal,legacy 迁移证据待人工复核
RQ_00285,legacy_evidence,NGA_0076_U01,NGA_0076,legacy_ai_label_unreviewed,normal,legacy 迁移证据待人工复核
RQ_00286,legacy_evidence,NGA_0076_U02,NGA_0076,legacy_ai_label_unreviewed,normal,legacy 迁移证据待人工复核
RQ_00287,legacy_evidence,NGA_0077_U01,NGA_0077,legacy_ai_label_unreviewed,normal,legacy 迁移证据待人工复核
RQ_00288,legacy_evidence,NGA_0077_U02,NGA_0077,legacy_ai_label_unreviewed,normal,legacy 迁移证据待人工复核
RQ_00289,legacy_evidence,NGA_0077_U03,NGA_0077,legacy_ai_label_unreviewed,normal,legacy 迁移证据待人工复核
RQ_00290,legacy_evidence,NGA_0077_U04,NGA_0077,legacy_ai_label_unreviewed,normal,legacy 迁移证据待人工复核
RQ_00291,legacy_evidence,NGA_0078_U01,NGA_0078,legacy_ai_label_unreviewed,normal,legacy 迁移证据待人工复核
RQ_00292,legacy_evidence,NGA_0078_U02,NGA_0078,legacy_ai_label_unreviewed,normal,legacy 迁移证据待人工复核
RQ_00293,legacy_evidence,NGA_0078_U03,NGA_0078,legacy_ai_label_unreviewed,normal,legacy 迁移证据待人工复核
RQ_00294,legacy_evidence,NGA_0079_U01,NGA_0079,legacy_ai_label_unreviewed,normal,legacy 迁移证据待人工复核
RQ_00295,legacy_evidence,NGA_0079_U02,NGA_0079,legacy_ai_label_unreviewed,normal,legacy 迁移证据待人工复核
RQ_00296,legacy_evidence,NGA_0079_U03,NGA_0079,legacy_ai_label_unreviewed,normal,legacy 迁移证据待人工复核
RQ_00297,legacy_evidence,NGA_0080_U01,NGA_0080,legacy_ai_label_unreviewed,normal,legacy 迁移证据待人工复核
RQ_00298,legacy_evidence,NGA_0080_U02,NGA_0080,legacy_ai_label_unreviewed,normal,legacy 迁移证据待人工复核
RQ_00299,legacy_evidence,NGA_0081_U01,NGA_0081,legacy_ai_label_unreviewed,normal,legacy 迁移证据待人工复核
RQ_00300,legacy_evidence,NGA_0081_U02,NGA_0081,legacy_ai_label_unreviewed,normal,legacy 迁移证据待人工复核
RQ_00301,legacy_evidence,NGA_0082_U01,NGA_0082,legacy_ai_label_unreviewed,normal,legacy 迁移证据待人工复核
RQ_00302,legacy_evidence,NGA_0082_U02,NGA_0082,legacy_ai_label_unreviewed,normal,legacy 迁移证据待人工复核
RQ_00303,legacy_evidence,NGA_0082_U03,NGA_0082,legacy_ai_label_unreviewed,normal,legacy 迁移证据待人工复核
RQ_00304,legacy_evidence,NGA_0083_U01,NGA_0083,legacy_ai_label_unreviewed,normal,legacy 迁移证据待人工复核
RQ_00305,legacy_evidence,NGA_0084_U01,NGA_0084,legacy_ai_label_unreviewed,normal,legacy 迁移证据待人工复核
RQ_00306,legacy_evidence,NGA_0084_U02,NGA_0084,legacy_ai_label_unreviewed,normal,legacy 迁移证据待人工复核
RQ_00307,legacy_evidence,NGA_0085_U01,NGA_0085,legacy_ai_label_unreviewed,normal,legacy 迁移证据待人工复核
RQ_00308,legacy_evidence,NGA_0085_U02,NGA_0085,legacy_ai_label_unreviewed,normal,legacy 迁移证据待人工复核
RQ_00309,legacy_evidence,NGA_0085_U03,NGA_0085,legacy_ai_label_unreviewed,normal,legacy 迁移证据待人工复核
RQ_00310,legacy_evidence,NGA_0086_U01,NGA_0086,legacy_ai_label_unreviewed,normal,legacy 迁移证据待人工复核
RQ_00311,legacy_evidence,NGA_0086_U02,NGA_0086,legacy_ai_label_unreviewed,normal,legacy 迁移证据待人工复核
RQ_00312,legacy_evidence,NGA_0086_U03,NGA_0086,legacy_ai_label_unreviewed,normal,legacy 迁移证据待人工复核
RQ_00313,legacy_evidence,NGA_0086_U04,NGA_0086,legacy_ai_label_unreviewed,normal,legacy 迁移证据待人工复核
RQ_00314,legacy_evidence,NGA_0087_U01,NGA_0087,legacy_ai_label_unreviewed,normal,legacy 迁移证据待人工复核
RQ_00315,legacy_evidence,NGA_0087_U02,NGA_0087,legacy_ai_label_unreviewed,normal,legacy 迁移证据待人工复核
RQ_00316,legacy_evidence,NGA_0087_U03,NGA_0087,legacy_ai_label_unreviewed,normal,legacy 迁移证据待人工复核
RQ_00317,legacy_evidence,NGA_0087_U04,NGA_0087,legacy_ai_label_unreviewed,normal,legacy 迁移证据待人工复核
RQ_00318,legacy_evidence,NGA_0087_U05,NGA_0087,legacy_ai_label_unreviewed,normal,legacy 迁移证据待人工复核
RQ_00319,legacy_evidence,NGA_0088_U01,NGA_0088,legacy_ai_label_unreviewed,normal,legacy 迁移证据待人工复核
RQ_00320,legacy_evidence,NGA_0088_U02,NGA_0088,legacy_ai_label_unreviewed,normal,legacy 迁移证据待人工复核
RQ_00321,legacy_evidence,NGA_0089_U01,NGA_0089,legacy_ai_label_unreviewed,normal,legacy 迁移证据待人工复核
RQ_00322,legacy_evidence,NGA_0089_U02,NGA_0089,legacy_ai_label_unreviewed,normal,legacy 迁移证据待人工复核
RQ_00323,legacy_evidence,NGA_0090_U01,NGA_0090,legacy_ai_label_unreviewed,normal,legacy 迁移证据待人工复核
RQ_00324,legacy_evidence,NGA_0090_U02,NGA_0090,legacy_ai_label_unreviewed,normal,legacy 迁移证据待人工复核
RQ_00325,legacy_evidence,NGA_0090_U03,NGA_0090,legacy_ai_label_unreviewed,normal,legacy 迁移证据待人工复核
RQ_00326,legacy_evidence,NGA_0091_U01,NGA_0091,legacy_ai_label_unreviewed,normal,legacy 迁移证据待人工复核
RQ_00327,legacy_evidence,NGA_0091_U02,NGA_0091,legacy_ai_label_unreviewed,normal,legacy 迁移证据待人工复核
RQ_00328,legacy_evidence,NGA_0092_U01,NGA_0092,legacy_ai_label_unreviewed,normal,legacy 迁移证据待人工复核
RQ_00329,legacy_evidence,NGA_0092_U02,NGA_0092,legacy_ai_label_unreviewed,normal,legacy 迁移证据待人工复核
RQ_00330,legacy_evidence,NGA_0092_U03,NGA_0092,legacy_ai_label_unreviewed,normal,legacy 迁移证据待人工复核
RQ_00331,legacy_evidence,NGA_0093_U01,NGA_0093,legacy_ai_label_unreviewed,normal,legacy 迁移证据待人工复核
RQ_00332,legacy_evidence,NGA_0093_U02,NGA_0093,legacy_ai_label_unreviewed,normal,legacy 迁移证据待人工复核
RQ_00333,legacy_evidence,NGA_0094_U01,NGA_0094,legacy_ai_label_unreviewed,normal,legacy 迁移证据待人工复核
RQ_00334,legacy_evidence,NGA_0094_U02,NGA_0094,legacy_ai_label_unreviewed,normal,legacy 迁移证据待人工复核
RQ_00335,legacy_evidence,NGA_0095_U01,NGA_0095,legacy_ai_label_unreviewed,normal,legacy 迁移证据待人工复核
RQ_00336,legacy_evidence,NGA_0096_U01,NGA_0096,legacy_ai_label_unreviewed,normal,legacy 迁移证据待人工复核
RQ_00337,legacy_evidence,NGA_0096_U02,NGA_0096,legacy_ai_label_unreviewed,normal,legacy 迁移证据待人工复核
RQ_00338,legacy_evidence,NGA_0097_U01,NGA_0097,legacy_ai_label_unreviewed,normal,legacy 迁移证据待人工复核
RQ_00339,legacy_evidence,NGA_0097_U02,NGA_0097,legacy_ai_label_unreviewed,normal,legacy 迁移证据待人工复核
RQ_00340,legacy_evidence,NGA_0097_U03,NGA_0097,legacy_ai_label_unreviewed,normal,legacy 迁移证据待人工复核
RQ_00341,legacy_evidence,NGA_0097_U04,NGA_0097,legacy_ai_label_unreviewed,normal,legacy 迁移证据待人工复核
RQ_00342,legacy_evidence,NGA_0097_U05,NGA_0097,legacy_ai_label_unreviewed,normal,legacy 迁移证据待人工复核
RQ_00343,legacy_evidence,NGA_0097_U06,NGA_0097,legacy_ai_label_unreviewed,normal,legacy 迁移证据待人工复核
RQ_00344,legacy_evidence,NGA_0098_U01,NGA_0098,legacy_ai_label_unreviewed,normal,legacy 迁移证据待人工复核
RQ_00345,legacy_evidence,NGA_0098_U02,NGA_0098,legacy_ai_label_unreviewed,normal,legacy 迁移证据待人工复核
RQ_00346,legacy_evidence,NGA_0099_U01,NGA_0099,legacy_ai_label_unreviewed,normal,legacy 迁移证据待人工复核
RQ_00347,legacy_evidence,NGA_0099_U02,NGA_0099,legacy_ai_label_unreviewed,normal,legacy 迁移证据待人工复核
RQ_00348,legacy_evidence,NGA_0099_U03,NGA_0099,legacy_ai_label_unreviewed,normal,legacy 迁移证据待人工复核
RQ_00349,legacy_evidence,NGA_0099_U04,NGA_0099,legacy_ai_label_unreviewed,normal,legacy 迁移证据待人工复核
RQ_00350,legacy_evidence,NGA_0100_U01,NGA_0100,legacy_ai_label_unreviewed,normal,legacy 迁移证据待人工复核
RQ_00351,legacy_evidence,NGA_0100_U02,NGA_0100,legacy_ai_label_unreviewed,normal,legacy 迁移证据待人工复核
RQ_00352,legacy_evidence,NGA_0100_U03,NGA_0100,legacy_ai_label_unreviewed,normal,legacy 迁移证据待人工复核
RQ_00353,legacy_evidence,NGA_0101_U01,NGA_0101,legacy_ai_label_unreviewed,normal,legacy 迁移证据待人工复核
RQ_00354,legacy_evidence,NGA_0101_U02,NGA_0101,legacy_ai_label_unreviewed,normal,legacy 迁移证据待人工复核
RQ_00355,legacy_evidence,NGA_0102_U01,NGA_0102,legacy_ai_label_unreviewed,normal,legacy 迁移证据待人工复核
RQ_00356,legacy_evidence,NGA_0103_U01,NGA_0103,legacy_ai_label_unreviewed,normal,legacy 迁移证据待人工复核
RQ_00357,legacy_evidence,NGA_0104_U01,NGA_0104,legacy_ai_label_unreviewed,normal,legacy 迁移证据待人工复核
RQ_00358,legacy_evidence,NGA_0105_U01,NGA_0105,legacy_ai_label_unreviewed,normal,legacy 迁移证据待人工复核
RQ_00359,legacy_evidence,NGA_0106_U01,NGA_0106,legacy_ai_label_unreviewed,normal,legacy 迁移证据待人工复核
RQ_00360,legacy_evidence,NGA_0106_U02,NGA_0106,legacy_ai_label_unreviewed,normal,legacy 迁移证据待人工复核
RQ_00361,legacy_evidence,NGA_0107_U01,NGA_0107,legacy_ai_label_unreviewed,normal,legacy 迁移证据待人工复核
RQ_00362,legacy_evidence,NGA_0107_U02,NGA_0107,legacy_ai_label_unreviewed,normal,legacy 迁移证据待人工复核
RQ_00363,legacy_evidence,NGA_0107_U03,NGA_0107,legacy_ai_label_unreviewed,normal,legacy 迁移证据待人工复核
RQ_00364,legacy_evidence,NGA_0108_U01,NGA_0108,legacy_ai_label_unreviewed,normal,legacy 迁移证据待人工复核
RQ_00365,legacy_evidence,NGA_0108_U02,NGA_0108,legacy_ai_label_unreviewed,normal,legacy 迁移证据待人工复核
RQ_00366,legacy_evidence,NGA_0108_U03,NGA_0108,legacy_ai_label_unreviewed,normal,legacy 迁移证据待人工复核
RQ_00367,legacy_evidence,NGA_0109_U01,NGA_0109,legacy_ai_label_unreviewed,normal,legacy 迁移证据待人工复核
RQ_00368,legacy_evidence,NGA_0109_U02,NGA_0109,legacy_ai_label_unreviewed,normal,legacy 迁移证据待人工复核
RQ_00369,legacy_evidence,NGA_0110_U01,NGA_0110,legacy_ai_label_unreviewed,normal,legacy 迁移证据待人工复核
RQ_00370,legacy_evidence,NGA_0111_U01,NGA_0111,legacy_ai_label_unreviewed,normal,legacy 迁移证据待人工复核
RQ_00371,legacy_evidence,NGA_0111_U02,NGA_0111,legacy_ai_label_unreviewed,normal,legacy 迁移证据待人工复核
RQ_00372,legacy_evidence,NGA_0111_U03,NGA_0111,legacy_ai_label_unreviewed,normal,legacy 迁移证据待人工复核
RQ_00373,legacy_evidence,NGA_0112_U01,NGA_0112,legacy_ai_label_unreviewed,normal,legacy 迁移证据待人工复核
RQ_00374,legacy_evidence,NGA_0113_U01,NGA_0113,legacy_ai_label_unreviewed,normal,legacy 迁移证据待人工复核
RQ_00375,legacy_evidence,NGA_0113_U02,NGA_0113,legacy_ai_label_unreviewed,normal,legacy 迁移证据待人工复核
RQ_00376,legacy_evidence,NGA_0114_U01,NGA_0114,legacy_ai_label_unreviewed,normal,legacy 迁移证据待人工复核
RQ_00377,legacy_evidence,NGA_0114_U02,NGA_0114,legacy_ai_label_unreviewed,normal,legacy 迁移证据待人工复核
RQ_00378,legacy_evidence,NGA_0114_U03,NGA_0114,legacy_ai_label_unreviewed,normal,legacy 迁移证据待人工复核
RQ_00379,legacy_evidence,NGA_0114_U04,NGA_0114,legacy_ai_label_unreviewed,normal,legacy 迁移证据待人工复核
RQ_00380,legacy_evidence,NGA_0115_U01,NGA_0115,legacy_ai_label_unreviewed,normal,legacy 迁移证据待人工复核
RQ_00381,legacy_evidence,NGA_0116_U01,NGA_0116,legacy_ai_label_unreviewed,normal,legacy 迁移证据待人工复核
RQ_00382,legacy_evidence,NGA_0116_U02,NGA_0116,legacy_ai_label_unreviewed,normal,legacy 迁移证据待人工复核
RQ_00383,legacy_evidence,NGA_0116_U03,NGA_0116,legacy_ai_label_unreviewed,normal,legacy 迁移证据待人工复核
RQ_00384,legacy_evidence,NGA_0116_U04,NGA_0116,legacy_ai_label_unreviewed,normal,legacy 迁移证据待人工复核
RQ_00385,legacy_evidence,NGA_0117_U01,NGA_0117,legacy_ai_label_unreviewed,normal,legacy 迁移证据待人工复核
RQ_00386,legacy_evidence,NGA_0117_U02,NGA_0117,legacy_ai_label_unreviewed,normal,legacy 迁移证据待人工复核
RQ_00387,legacy_evidence,NGA_0118_U01,NGA_0118,legacy_ai_label_unreviewed,normal,legacy 迁移证据待人工复核
RQ_00388,legacy_evidence,NGA_0118_U02,NGA_0118,legacy_ai_label_unreviewed,normal,legacy 迁移证据待人工复核
RQ_00389,legacy_evidence,NGA_0119_U01,NGA_0119,legacy_ai_label_unreviewed,normal,legacy 迁移证据待人工复核
RQ_00390,legacy_evidence,NGA_0119_U02,NGA_0119,legacy_ai_label_unreviewed,normal,legacy 迁移证据待人工复核
RQ_00391,legacy_evidence,NGA_0119_U03,NGA_0119,legacy_ai_label_unreviewed,normal,legacy 迁移证据待人工复核
RQ_00392,legacy_evidence,NGA_0120_U01,NGA_0120,legacy_ai_label_unreviewed,normal,legacy 迁移证据待人工复核
RQ_00393,legacy_evidence,NGA_0120_U02,NGA_0120,legacy_ai_label_unreviewed,normal,legacy 迁移证据待人工复核
RQ_00394,legacy_evidence,NGA_0120_U03,NGA_0120,legacy_ai_label_unreviewed,normal,legacy 迁移证据待人工复核
RQ_00395,legacy_evidence,TIEBA_0001_U01,TIEBA_0001,legacy_ai_label_unreviewed,normal,legacy 迁移证据待人工复核
RQ_00396,legacy_evidence,TIEBA_0001_U02,TIEBA_0001,legacy_ai_label_unreviewed,normal,legacy 迁移证据待人工复核
RQ_00397,legacy_evidence,TIEBA_0001_U03,TIEBA_0001,legacy_ai_label_unreviewed,normal,legacy 迁移证据待人工复核
RQ_00398,legacy_evidence,TIEBA_0001_U04,TIEBA_0001,legacy_ai_label_unreviewed,normal,legacy 迁移证据待人工复核
RQ_00399,legacy_evidence,TIEBA_0002_U01,TIEBA_0002,legacy_ai_label_unreviewed,normal,legacy 迁移证据待人工复核
RQ_00400,legacy_evidence,TIEBA_0002_U02,TIEBA_0002,legacy_ai_label_unreviewed,normal,legacy 迁移证据待人工复核
RQ_00401,legacy_evidence,TIEBA_0002_U03,TIEBA_0002,legacy_ai_label_unreviewed,normal,legacy 迁移证据待人工复核
RQ_00402,legacy_evidence,TIEBA_0002_U04,TIEBA_0002,legacy_ai_label_unreviewed,normal,legacy 迁移证据待人工复核
RQ_00403,legacy_evidence,TIEBA_0003_U01,TIEBA_0003,legacy_ai_label_unreviewed,normal,legacy 迁移证据待人工复核
RQ_00404,legacy_evidence,TIEBA_0003_U02,TIEBA_0003,legacy_ai_label_unreviewed,normal,legacy 迁移证据待人工复核
RQ_00405,legacy_evidence,TIEBA_0003_U03,TIEBA_0003,legacy_ai_label_unreviewed,normal,legacy 迁移证据待人工复核
RQ_00406,legacy_evidence,TIEBA_0004_U01,TIEBA_0004,legacy_ai_label_unreviewed,normal,legacy 迁移证据待人工复核
RQ_00407,legacy_evidence,TIEBA_0004_U02,TIEBA_0004,legacy_ai_label_unreviewed,normal,legacy 迁移证据待人工复核
RQ_00408,legacy_evidence,TIEBA_0005_U01,TIEBA_0005,legacy_ai_label_unreviewed,normal,legacy 迁移证据待人工复核
RQ_00409,legacy_evidence,TIEBA_0005_U02,TIEBA_0005,legacy_ai_label_unreviewed,normal,legacy 迁移证据待人工复核
RQ_00410,legacy_evidence,TIEBA_0005_U03,TIEBA_0005,legacy_ai_label_unreviewed,normal,legacy 迁移证据待人工复核
RQ_00411,legacy_evidence,TIEBA_0005_U04,TIEBA_0005,legacy_ai_label_unreviewed,normal,legacy 迁移证据待人工复核
RQ_00412,legacy_evidence,TIEBA_0006_U01,TIEBA_0006,legacy_ai_label_unreviewed,normal,legacy 迁移证据待人工复核
RQ_00413,legacy_evidence,TIEBA_0006_U02,TIEBA_0006,legacy_ai_label_unreviewed,normal,legacy 迁移证据待人工复核
RQ_00414,legacy_evidence,TIEBA_0006_U03,TIEBA_0006,legacy_ai_label_unreviewed,normal,legacy 迁移证据待人工复核
RQ_00415,legacy_evidence,TIEBA_0006_U04,TIEBA_0006,legacy_ai_label_unreviewed,normal,legacy 迁移证据待人工复核
RQ_00416,legacy_evidence,TIEBA_0006_U05,TIEBA_0006,legacy_ai_label_unreviewed,normal,legacy 迁移证据待人工复核
RQ_00417,legacy_evidence,TIEBA_0006_U06,TIEBA_0006,legacy_ai_label_unreviewed,normal,legacy 迁移证据待人工复核
RQ_00418,legacy_evidence,TIEBA_0006_U07,TIEBA_0006,legacy_ai_label_unreviewed,normal,legacy 迁移证据待人工复核
RQ_00419,legacy_evidence,TIEBA_0006_U08,TIEBA_0006,legacy_ai_label_unreviewed,normal,legacy 迁移证据待人工复核
RQ_00420,legacy_evidence,TIEBA_0007_U01,TIEBA_0007,legacy_ai_label_unreviewed,normal,legacy 迁移证据待人工复核
RQ_00421,legacy_evidence,TIEBA_0007_U02,TIEBA_0007,legacy_ai_label_unreviewed,normal,legacy 迁移证据待人工复核
RQ_00422,legacy_evidence,TIEBA_0008_U01,TIEBA_0008,legacy_ai_label_unreviewed,normal,legacy 迁移证据待人工复核
RQ_00423,legacy_evidence,TIEBA_0008_U02,TIEBA_0008,legacy_ai_label_unreviewed,normal,legacy 迁移证据待人工复核
RQ_00424,legacy_evidence,TIEBA_0008_U03,TIEBA_0008,legacy_ai_label_unreviewed,normal,legacy 迁移证据待人工复核
RQ_00425,legacy_evidence,TIEBA_0008_U04,TIEBA_0008,legacy_ai_label_unreviewed,normal,legacy 迁移证据待人工复核
RQ_00426,legacy_evidence,TIEBA_0008_U05,TIEBA_0008,legacy_ai_label_unreviewed,normal,legacy 迁移证据待人工复核
RQ_00427,legacy_evidence,TIEBA_0009_U01,TIEBA_0009,legacy_ai_label_unreviewed,normal,legacy 迁移证据待人工复核
RQ_00428,legacy_evidence,TIEBA_0009_U02,TIEBA_0009,legacy_ai_label_unreviewed,normal,legacy 迁移证据待人工复核
RQ_00429,legacy_evidence,TIEBA_0009_U03,TIEBA_0009,legacy_ai_label_unreviewed,normal,legacy 迁移证据待人工复核
RQ_00430,legacy_evidence,TIEBA_0010_U01,TIEBA_0010,legacy_ai_label_unreviewed,normal,legacy 迁移证据待人工复核
RQ_00431,legacy_evidence,TIEBA_0010_U02,TIEBA_0010,legacy_ai_label_unreviewed,normal,legacy 迁移证据待人工复核
RQ_00432,legacy_evidence,TIEBA_0010_U03,TIEBA_0010,legacy_ai_label_unreviewed,normal,legacy 迁移证据待人工复核
RQ_00433,legacy_evidence,TIEBA_0011_U01,TIEBA_0011,legacy_ai_label_unreviewed,normal,legacy 迁移证据待人工复核
RQ_00434,legacy_evidence,TIEBA_0011_U02,TIEBA_0011,legacy_ai_label_unreviewed,normal,legacy 迁移证据待人工复核
RQ_00435,legacy_evidence,TIEBA_0011_U03,TIEBA_0011,legacy_ai_label_unreviewed,normal,legacy 迁移证据待人工复核
RQ_00436,legacy_evidence,TIEBA_0011_U04,TIEBA_0011,legacy_ai_label_unreviewed,normal,legacy 迁移证据待人工复核
RQ_00437,legacy_evidence,TIEBA_0012_U01,TIEBA_0012,legacy_ai_label_unreviewed,normal,legacy 迁移证据待人工复核
RQ_00438,legacy_evidence,TIEBA_0012_U02,TIEBA_0012,legacy_ai_label_unreviewed,normal,legacy 迁移证据待人工复核
RQ_00439,legacy_evidence,TIEBA_0012_U03,TIEBA_0012,legacy_ai_label_unreviewed,normal,legacy 迁移证据待人工复核
RQ_00440,legacy_evidence,TIEBA_0012_U04,TIEBA_0012,legacy_ai_label_unreviewed,normal,legacy 迁移证据待人工复核
RQ_00441,legacy_evidence,TIEBA_0013_U01,TIEBA_0013,legacy_ai_label_unreviewed,normal,legacy 迁移证据待人工复核
RQ_00442,legacy_evidence,TIEBA_0013_U02,TIEBA_0013,legacy_ai_label_unreviewed,normal,legacy 迁移证据待人工复核
RQ_00443,legacy_evidence,TIEBA_0013_U03,TIEBA_0013,legacy_ai_label_unreviewed,normal,legacy 迁移证据待人工复核
RQ_00444,legacy_evidence,TIEBA_0014_U01,TIEBA_0014,legacy_ai_label_unreviewed,normal,legacy 迁移证据待人工复核
RQ_00445,legacy_evidence,TIEBA_0014_U02,TIEBA_0014,legacy_ai_label_unreviewed,normal,legacy 迁移证据待人工复核
RQ_00446,legacy_evidence,TIEBA_0014_U03,TIEBA_0014,legacy_ai_label_unreviewed,normal,legacy 迁移证据待人工复核
RQ_00447,legacy_evidence,TIEBA_0014_U04,TIEBA_0014,legacy_ai_label_unreviewed,normal,legacy 迁移证据待人工复核
RQ_00448,legacy_evidence,TIEBA_0014_U05,TIEBA_0014,legacy_ai_label_unreviewed,normal,legacy 迁移证据待人工复核
RQ_00449,legacy_evidence,TIEBA_0015_U01,TIEBA_0015,legacy_ai_label_unreviewed,normal,legacy 迁移证据待人工复核
RQ_00450,legacy_evidence,TIEBA_0015_U02,TIEBA_0015,legacy_ai_label_unreviewed,normal,legacy 迁移证据待人工复核
RQ_00451,legacy_evidence,TIEBA_0015_U03,TIEBA_0015,legacy_ai_label_unreviewed,normal,legacy 迁移证据待人工复核
RQ_00452,legacy_evidence,TIEBA_0015_U04,TIEBA_0015,legacy_ai_label_unreviewed,normal,legacy 迁移证据待人工复核
RQ_00453,legacy_evidence,TIEBA_0015_U05,TIEBA_0015,legacy_ai_label_unreviewed,normal,legacy 迁移证据待人工复核
RQ_00454,legacy_evidence,TIEBA_0015_U06,TIEBA_0015,legacy_ai_label_unreviewed,normal,legacy 迁移证据待人工复核
RQ_00455,legacy_evidence,TIEBA_0015_U07,TIEBA_0015,legacy_ai_label_unreviewed,normal,legacy 迁移证据待人工复核
RQ_00456,legacy_evidence,TIEBA_0016_U01,TIEBA_0016,legacy_ai_label_unreviewed,normal,legacy 迁移证据待人工复核
RQ_00457,legacy_evidence,TIEBA_0016_U02,TIEBA_0016,legacy_ai_label_unreviewed,normal,legacy 迁移证据待人工复核
RQ_00458,legacy_evidence,TIEBA_0016_U03,TIEBA_0016,legacy_ai_label_unreviewed,normal,legacy 迁移证据待人工复核
RQ_00459,legacy_evidence,TIEBA_0016_U04,TIEBA_0016,legacy_ai_label_unreviewed,normal,legacy 迁移证据待人工复核
RQ_00460,legacy_evidence,TIEBA_0017_U01,TIEBA_0017,legacy_ai_label_unreviewed,normal,legacy 迁移证据待人工复核
RQ_00461,legacy_evidence,TIEBA_0017_U02,TIEBA_0017,legacy_ai_label_unreviewed,normal,legacy 迁移证据待人工复核
RQ_00462,legacy_evidence,TIEBA_0017_U03,TIEBA_0017,legacy_ai_label_unreviewed,normal,legacy 迁移证据待人工复核
RQ_00463,legacy_evidence,TIEBA_0017_U04,TIEBA_0017,legacy_ai_label_unreviewed,normal,legacy 迁移证据待人工复核
RQ_00464,legacy_evidence,TIEBA_0018_U01,TIEBA_0018,legacy_ai_label_unreviewed,normal,legacy 迁移证据待人工复核
RQ_00465,legacy_evidence,TIEBA_0018_U02,TIEBA_0018,legacy_ai_label_unreviewed,normal,legacy 迁移证据待人工复核
RQ_00466,legacy_evidence,TIEBA_0018_U03,TIEBA_0018,legacy_ai_label_unreviewed,normal,legacy 迁移证据待人工复核
RQ_00467,legacy_evidence,TIEBA_0019_U01,TIEBA_0019,legacy_ai_label_unreviewed,normal,legacy 迁移证据待人工复核
RQ_00468,legacy_evidence,TIEBA_0020_U01,TIEBA_0020,legacy_ai_label_unreviewed,normal,legacy 迁移证据待人工复核
RQ_00469,legacy_evidence,TIEBA_0020_U02,TIEBA_0020,legacy_ai_label_unreviewed,normal,legacy 迁移证据待人工复核
RQ_00470,legacy_evidence,TIEBA_0020_U03,TIEBA_0020,legacy_ai_label_unreviewed,normal,legacy 迁移证据待人工复核
RQ_00471,legacy_evidence,TIEBA_0021_U01,TIEBA_0021,legacy_ai_label_unreviewed,normal,legacy 迁移证据待人工复核
RQ_00472,legacy_evidence,TIEBA_0021_U02,TIEBA_0021,legacy_ai_label_unreviewed,normal,legacy 迁移证据待人工复核
RQ_00473,legacy_evidence,TIEBA_0021_U03,TIEBA_0021,legacy_ai_label_unreviewed,normal,legacy 迁移证据待人工复核
RQ_00474,legacy_evidence,TIEBA_0021_U04,TIEBA_0021,legacy_ai_label_unreviewed,normal,legacy 迁移证据待人工复核
RQ_00475,legacy_evidence,TIEBA_0021_U05,TIEBA_0021,legacy_ai_label_unreviewed,normal,legacy 迁移证据待人工复核
RQ_00476,legacy_evidence,TIEBA_0022_U01,TIEBA_0022,legacy_ai_label_unreviewed,normal,legacy 迁移证据待人工复核
RQ_00477,legacy_evidence,TIEBA_0022_U02,TIEBA_0022,legacy_ai_label_unreviewed,normal,legacy 迁移证据待人工复核
RQ_00478,legacy_evidence,TIEBA_0023_U01,TIEBA_0023,legacy_ai_label_unreviewed,normal,legacy 迁移证据待人工复核
RQ_00479,legacy_evidence,TIEBA_0024_U01,TIEBA_0024,legacy_ai_label_unreviewed,normal,legacy 迁移证据待人工复核
RQ_00480,legacy_evidence,TIEBA_0024_U02,TIEBA_0024,legacy_ai_label_unreviewed,normal,legacy 迁移证据待人工复核
RQ_00481,legacy_evidence,TIEBA_0024_U03,TIEBA_0024,legacy_ai_label_unreviewed,normal,legacy 迁移证据待人工复核
RQ_00482,legacy_evidence,TIEBA_0024_U04,TIEBA_0024,legacy_ai_label_unreviewed,normal,legacy 迁移证据待人工复核
RQ_00483,legacy_evidence,TIEBA_0024_U05,TIEBA_0024,legacy_ai_label_unreviewed,normal,legacy 迁移证据待人工复核
RQ_00484,legacy_evidence,TIEBA_0025_U01,TIEBA_0025,legacy_ai_label_unreviewed,normal,legacy 迁移证据待人工复核
RQ_00485,legacy_evidence,TIEBA_0025_U02,TIEBA_0025,legacy_ai_label_unreviewed,normal,legacy 迁移证据待人工复核
RQ_00486,legacy_evidence,TIEBA_0025_U03,TIEBA_0025,legacy_ai_label_unreviewed,normal,legacy 迁移证据待人工复核
RQ_00487,legacy_evidence,TIEBA_0025_U04,TIEBA_0025,legacy_ai_label_unreviewed,normal,legacy 迁移证据待人工复核
RQ_00488,legacy_evidence,TIEBA_0025_U05,TIEBA_0025,legacy_ai_label_unreviewed,normal,legacy 迁移证据待人工复核
RQ_00489,legacy_evidence,TIEBA_0026_U01,TIEBA_0026,legacy_ai_label_unreviewed,normal,legacy 迁移证据待人工复核
RQ_00490,legacy_evidence,TIEBA_0026_U02,TIEBA_0026,legacy_ai_label_unreviewed,normal,legacy 迁移证据待人工复核
RQ_00491,legacy_evidence,TIEBA_0026_U03,TIEBA_0026,legacy_ai_label_unreviewed,normal,legacy 迁移证据待人工复核
RQ_00492,legacy_evidence,TIEBA_0026_U04,TIEBA_0026,legacy_ai_label_unreviewed,normal,legacy 迁移证据待人工复核
RQ_00493,legacy_evidence,TIEBA_0026_U05,TIEBA_0026,legacy_ai_label_unreviewed,normal,legacy 迁移证据待人工复核
RQ_00494,legacy_evidence,TIEBA_0027_U01,TIEBA_0027,legacy_ai_label_unreviewed,normal,legacy 迁移证据待人工复核
RQ_00495,legacy_evidence,TIEBA_0027_U02,TIEBA_0027,legacy_ai_label_unreviewed,normal,legacy 迁移证据待人工复核
RQ_00496,legacy_evidence,TIEBA_0027_U03,TIEBA_0027,legacy_ai_label_unreviewed,normal,legacy 迁移证据待人工复核
RQ_00497,legacy_evidence,TIEBA_0027_U04,TIEBA_0027,legacy_ai_label_unreviewed,normal,legacy 迁移证据待人工复核
RQ_00498,legacy_evidence,TIEBA_0028_U01,TIEBA_0028,legacy_ai_label_unreviewed,normal,legacy 迁移证据待人工复核
RQ_00499,legacy_evidence,TIEBA_0029_U01,TIEBA_0029,legacy_ai_label_unreviewed,normal,legacy 迁移证据待人工复核
RQ_00500,legacy_evidence,TIEBA_0029_U02,TIEBA_0029,legacy_ai_label_unreviewed,normal,legacy 迁移证据待人工复核
RQ_00501,legacy_evidence,TIEBA_0029_U03,TIEBA_0029,legacy_ai_label_unreviewed,normal,legacy 迁移证据待人工复核
RQ_00502,legacy_evidence,TIEBA_0029_U04,TIEBA_0029,legacy_ai_label_unreviewed,normal,legacy 迁移证据待人工复核
RQ_00503,legacy_evidence,TIEBA_0030_U01,TIEBA_0030,legacy_ai_label_unreviewed,normal,legacy 迁移证据待人工复核
RQ_00504,legacy_evidence,TIEBA_0030_U02,TIEBA_0030,legacy_ai_label_unreviewed,normal,legacy 迁移证据待人工复核
RQ_00505,legacy_evidence,TIEBA_0031_U01,TIEBA_0031,legacy_ai_label_unreviewed,normal,legacy 迁移证据待人工复核
RQ_00506,legacy_evidence,TIEBA_0031_U02,TIEBA_0031,legacy_ai_label_unreviewed,normal,legacy 迁移证据待人工复核
RQ_00507,legacy_evidence,TIEBA_0031_U03,TIEBA_0031,legacy_ai_label_unreviewed,normal,legacy 迁移证据待人工复核
RQ_00508,legacy_evidence,TIEBA_0031_U04,TIEBA_0031,legacy_ai_label_unreviewed,normal,legacy 迁移证据待人工复核
RQ_00509,legacy_evidence,TIEBA_0031_U05,TIEBA_0031,legacy_ai_label_unreviewed,normal,legacy 迁移证据待人工复核
RQ_00510,legacy_evidence,TIEBA_0032_U01,TIEBA_0032,legacy_ai_label_unreviewed,normal,legacy 迁移证据待人工复核
RQ_00511,legacy_evidence,TIEBA_0033_U01,TIEBA_0033,legacy_ai_label_unreviewed,normal,legacy 迁移证据待人工复核
RQ_00512,legacy_evidence,TIEBA_0034_U01,TIEBA_0034,legacy_ai_label_unreviewed,normal,legacy 迁移证据待人工复核
RQ_00513,legacy_evidence,TIEBA_0035_U01,TIEBA_0035,legacy_ai_label_unreviewed,normal,legacy 迁移证据待人工复核
RQ_00514,legacy_evidence,TIEBA_0035_U02,TIEBA_0035,legacy_ai_label_unreviewed,normal,legacy 迁移证据待人工复核
RQ_00515,legacy_evidence,TIEBA_0035_U03,TIEBA_0035,legacy_ai_label_unreviewed,normal,legacy 迁移证据待人工复核
RQ_00516,legacy_evidence,TIEBA_0036_U01,TIEBA_0036,legacy_ai_label_unreviewed,normal,legacy 迁移证据待人工复核
RQ_00517,legacy_evidence,TIEBA_0037_U01,TIEBA_0037,legacy_ai_label_unreviewed,normal,legacy 迁移证据待人工复核
RQ_00518,legacy_evidence,TIEBA_0038_U01,TIEBA_0038,legacy_ai_label_unreviewed,normal,legacy 迁移证据待人工复核
RQ_00519,legacy_evidence,TIEBA_0038_U02,TIEBA_0038,legacy_ai_label_unreviewed,normal,legacy 迁移证据待人工复核
RQ_00520,legacy_evidence,TIEBA_0039_U01,TIEBA_0039,legacy_ai_label_unreviewed,normal,legacy 迁移证据待人工复核
RQ_00521,legacy_evidence,TIEBA_0039_U02,TIEBA_0039,legacy_ai_label_unreviewed,normal,legacy 迁移证据待人工复核
RQ_00522,legacy_evidence,TIEBA_0040_U01,TIEBA_0040,legacy_ai_label_unreviewed,normal,legacy 迁移证据待人工复核
RQ_00523,legacy_evidence,TIEBA_0040_U02,TIEBA_0040,legacy_ai_label_unreviewed,normal,legacy 迁移证据待人工复核
RQ_00524,legacy_evidence,TIEBA_0040_U03,TIEBA_0040,legacy_ai_label_unreviewed,normal,legacy 迁移证据待人工复核
RQ_00525,legacy_evidence,TIEBA_0040_U04,TIEBA_0040,legacy_ai_label_unreviewed,normal,legacy 迁移证据待人工复核
RQ_00526,legacy_evidence,TIEBA_0040_U05,TIEBA_0040,legacy_ai_label_unreviewed,normal,legacy 迁移证据待人工复核
RQ_00527,legacy_evidence,TIEBA_0041_U01,TIEBA_0041,legacy_ai_label_unreviewed,normal,legacy 迁移证据待人工复核
RQ_00528,legacy_evidence,TIEBA_0042_U01,TIEBA_0042,legacy_ai_label_unreviewed,normal,legacy 迁移证据待人工复核
RQ_00529,legacy_evidence,TIEBA_0042_U02,TIEBA_0042,legacy_ai_label_unreviewed,normal,legacy 迁移证据待人工复核
RQ_00530,legacy_evidence,TIEBA_0042_U03,TIEBA_0042,legacy_ai_label_unreviewed,normal,legacy 迁移证据待人工复核
RQ_00531,legacy_evidence,TIEBA_0043_U01,TIEBA_0043,legacy_ai_label_unreviewed,normal,legacy 迁移证据待人工复核
RQ_00532,legacy_evidence,TIEBA_0043_U02,TIEBA_0043,legacy_ai_label_unreviewed,normal,legacy 迁移证据待人工复核
RQ_00533,legacy_evidence,TIEBA_0044_U01,TIEBA_0044,legacy_ai_label_unreviewed,normal,legacy 迁移证据待人工复核
RQ_00534,legacy_evidence,TIEBA_0044_U02,TIEBA_0044,legacy_ai_label_unreviewed,normal,legacy 迁移证据待人工复核
RQ_00535,legacy_evidence,TIEBA_0045_U01,TIEBA_0045,legacy_ai_label_unreviewed,normal,legacy 迁移证据待人工复核
RQ_00536,legacy_evidence,TIEBA_0046_U01,TIEBA_0046,legacy_ai_label_unreviewed,normal,legacy 迁移证据待人工复核
RQ_00537,legacy_evidence,TIEBA_0046_U02,TIEBA_0046,legacy_ai_label_unreviewed,normal,legacy 迁移证据待人工复核
RQ_00538,legacy_evidence,TIEBA_0046_U03,TIEBA_0046,legacy_ai_label_unreviewed,normal,legacy 迁移证据待人工复核
RQ_00539,legacy_evidence,TIEBA_0047_U01,TIEBA_0047,legacy_ai_label_unreviewed,normal,legacy 迁移证据待人工复核
RQ_00540,legacy_evidence,TIEBA_0047_U02,TIEBA_0047,legacy_ai_label_unreviewed,normal,legacy 迁移证据待人工复核
RQ_00541,legacy_evidence,TIEBA_0047_U03,TIEBA_0047,legacy_ai_label_unreviewed,normal,legacy 迁移证据待人工复核
RQ_00542,legacy_evidence,TIEBA_0048_U01,TIEBA_0048,legacy_ai_label_unreviewed,normal,legacy 迁移证据待人工复核
RQ_00543,legacy_evidence,TIEBA_0049_U01,TIEBA_0049,legacy_ai_label_unreviewed,normal,legacy 迁移证据待人工复核
RQ_00544,legacy_evidence,TIEBA_0050_U01,TIEBA_0050,legacy_ai_label_unreviewed,normal,legacy 迁移证据待人工复核
RQ_00545,legacy_evidence,TIEBA_0051_U01,TIEBA_0051,legacy_ai_label_unreviewed,normal,legacy 迁移证据待人工复核
RQ_00546,legacy_evidence,TIEBA_0051_U02,TIEBA_0051,legacy_ai_label_unreviewed,normal,legacy 迁移证据待人工复核
RQ_00547,legacy_evidence,TIEBA_0051_U03,TIEBA_0051,legacy_ai_label_unreviewed,normal,legacy 迁移证据待人工复核
RQ_00548,legacy_evidence,TIEBA_0051_U04,TIEBA_0051,legacy_ai_label_unreviewed,normal,legacy 迁移证据待人工复核
RQ_00549,legacy_evidence,TIEBA_0051_U05,TIEBA_0051,legacy_ai_label_unreviewed,normal,legacy 迁移证据待人工复核
RQ_00550,legacy_evidence,TIEBA_0051_U06,TIEBA_0051,legacy_ai_label_unreviewed,normal,legacy 迁移证据待人工复核
RQ_00551,legacy_evidence,TIEBA_0052_U01,TIEBA_0052,legacy_ai_label_unreviewed,normal,legacy 迁移证据待人工复核
RQ_00552,legacy_evidence,TIEBA_0052_U02,TIEBA_0052,legacy_ai_label_unreviewed,normal,legacy 迁移证据待人工复核
RQ_00553,legacy_evidence,TIEBA_0052_U03,TIEBA_0052,legacy_ai_label_unreviewed,normal,legacy 迁移证据待人工复核
RQ_00554,legacy_evidence,TIEBA_0052_U04,TIEBA_0052,legacy_ai_label_unreviewed,normal,legacy 迁移证据待人工复核
RQ_00555,legacy_evidence,TIEBA_0052_U05,TIEBA_0052,legacy_ai_label_unreviewed,normal,legacy 迁移证据待人工复核
RQ_00556,legacy_evidence,TIEBA_0053_U01,TIEBA_0053,legacy_ai_label_unreviewed,normal,legacy 迁移证据待人工复核
RQ_00557,legacy_evidence,TIEBA_0053_U02,TIEBA_0053,legacy_ai_label_unreviewed,normal,legacy 迁移证据待人工复核
RQ_00558,legacy_evidence,TIEBA_0053_U03,TIEBA_0053,legacy_ai_label_unreviewed,normal,legacy 迁移证据待人工复核
RQ_00559,legacy_evidence,TIEBA_0054_U01,TIEBA_0054,legacy_ai_label_unreviewed,normal,legacy 迁移证据待人工复核
RQ_00560,legacy_evidence,TIEBA_0055_U01,TIEBA_0055,legacy_ai_label_unreviewed,normal,legacy 迁移证据待人工复核
RQ_00561,legacy_evidence,TIEBA_0055_U02,TIEBA_0055,legacy_ai_label_unreviewed,normal,legacy 迁移证据待人工复核
RQ_00562,legacy_evidence,TIEBA_0056_U01,TIEBA_0056,legacy_ai_label_unreviewed,normal,legacy 迁移证据待人工复核
RQ_00563,legacy_evidence,TIEBA_0057_U01,TIEBA_0057,legacy_ai_label_unreviewed,normal,legacy 迁移证据待人工复核
RQ_00564,legacy_evidence,TIEBA_0058_U01,TIEBA_0058,legacy_ai_label_unreviewed,normal,legacy 迁移证据待人工复核
RQ_00565,legacy_evidence,TIEBA_0058_U02,TIEBA_0058,legacy_ai_label_unreviewed,normal,legacy 迁移证据待人工复核
RQ_00566,legacy_evidence,TIEBA_0058_U03,TIEBA_0058,legacy_ai_label_unreviewed,normal,legacy 迁移证据待人工复核
RQ_00567,legacy_evidence,TIEBA_0058_U04,TIEBA_0058,legacy_ai_label_unreviewed,normal,legacy 迁移证据待人工复核
RQ_00568,legacy_evidence,TIEBA_0058_U05,TIEBA_0058,legacy_ai_label_unreviewed,normal,legacy 迁移证据待人工复核
RQ_00569,legacy_evidence,TIEBA_0059_U01,TIEBA_0059,legacy_ai_label_unreviewed,normal,legacy 迁移证据待人工复核
RQ_00570,legacy_evidence,TIEBA_0059_U02,TIEBA_0059,legacy_ai_label_unreviewed,normal,legacy 迁移证据待人工复核
RQ_00571,legacy_evidence,TIEBA_0059_U03,TIEBA_0059,legacy_ai_label_unreviewed,normal,legacy 迁移证据待人工复核
RQ_00572,legacy_evidence,TIEBA_0060_U01,TIEBA_0060,legacy_ai_label_unreviewed,normal,legacy 迁移证据待人工复核
RQ_00573,legacy_evidence,TIEBA_0060_U02,TIEBA_0060,legacy_ai_label_unreviewed,normal,legacy 迁移证据待人工复核
RQ_00574,legacy_evidence,TIEBA_0060_U03,TIEBA_0060,legacy_ai_label_unreviewed,normal,legacy 迁移证据待人工复核
RQ_00575,legacy_evidence,TIEBA_0060_U04,TIEBA_0060,legacy_ai_label_unreviewed,normal,legacy 迁移证据待人工复核
RQ_00576,legacy_evidence,TIEBA_0060_U05,TIEBA_0060,legacy_ai_label_unreviewed,normal,legacy 迁移证据待人工复核
RQ_00577,legacy_evidence,TIEBA_0061_U01,TIEBA_0061,legacy_ai_label_unreviewed,normal,legacy 迁移证据待人工复核
RQ_00578,legacy_evidence,TIEBA_0061_U02,TIEBA_0061,legacy_ai_label_unreviewed,normal,legacy 迁移证据待人工复核
RQ_00579,legacy_evidence,TIEBA_0062_U01,TIEBA_0062,legacy_ai_label_unreviewed,normal,legacy 迁移证据待人工复核
RQ_00580,legacy_evidence,TIEBA_0063_U01,TIEBA_0063,legacy_ai_label_unreviewed,normal,legacy 迁移证据待人工复核
RQ_00581,legacy_evidence,TIEBA_0063_U02,TIEBA_0063,legacy_ai_label_unreviewed,normal,legacy 迁移证据待人工复核
RQ_00582,legacy_evidence,TIEBA_0064_U01,TIEBA_0064,legacy_ai_label_unreviewed,normal,legacy 迁移证据待人工复核
RQ_00583,legacy_evidence,TIEBA_0064_U02,TIEBA_0064,legacy_ai_label_unreviewed,normal,legacy 迁移证据待人工复核
RQ_00584,legacy_evidence,TIEBA_0064_U03,TIEBA_0064,legacy_ai_label_unreviewed,normal,legacy 迁移证据待人工复核
RQ_00585,legacy_evidence,TIEBA_0064_U04,TIEBA_0064,legacy_ai_label_unreviewed,normal,legacy 迁移证据待人工复核
RQ_00586,legacy_evidence,TIEBA_0064_U05,TIEBA_0064,legacy_ai_label_unreviewed,normal,legacy 迁移证据待人工复核
RQ_00587,legacy_evidence,TIEBA_0065_U01,TIEBA_0065,legacy_ai_label_unreviewed,normal,legacy 迁移证据待人工复核
RQ_00588,legacy_evidence,TIEBA_0065_U02,TIEBA_0065,legacy_ai_label_unreviewed,normal,legacy 迁移证据待人工复核
RQ_00589,legacy_evidence,TIEBA_0065_U03,TIEBA_0065,legacy_ai_label_unreviewed,normal,legacy 迁移证据待人工复核
RQ_00590,legacy_evidence,TIEBA_0065_U04,TIEBA_0065,legacy_ai_label_unreviewed,normal,legacy 迁移证据待人工复核
RQ_00591,legacy_evidence,TIEBA_0065_U05,TIEBA_0065,legacy_ai_label_unreviewed,normal,legacy 迁移证据待人工复核
RQ_00592,legacy_evidence,TIEBA_0065_U06,TIEBA_0065,legacy_ai_label_unreviewed,normal,legacy 迁移证据待人工复核
RQ_00593,legacy_evidence,TIEBA_0066_U01,TIEBA_0066,legacy_ai_label_unreviewed,normal,legacy 迁移证据待人工复核
RQ_00594,legacy_evidence,TIEBA_0066_U02,TIEBA_0066,legacy_ai_label_unreviewed,normal,legacy 迁移证据待人工复核
RQ_00595,legacy_evidence,TIEBA_0067_U01,TIEBA_0067,legacy_ai_label_unreviewed,normal,legacy 迁移证据待人工复核
RQ_00596,legacy_evidence,TIEBA_0067_U02,TIEBA_0067,legacy_ai_label_unreviewed,normal,legacy 迁移证据待人工复核
RQ_00597,legacy_evidence,TIEBA_0068_U01,TIEBA_0068,legacy_ai_label_unreviewed,normal,legacy 迁移证据待人工复核
RQ_00598,legacy_evidence,TIEBA_0068_U02,TIEBA_0068,legacy_ai_label_unreviewed,normal,legacy 迁移证据待人工复核
RQ_00599,legacy_evidence,TIEBA_0069_U01,TIEBA_0069,legacy_ai_label_unreviewed,normal,legacy 迁移证据待人工复核
RQ_00600,legacy_evidence,TIEBA_0070_U01,TIEBA_0070,legacy_ai_label_unreviewed,normal,legacy 迁移证据待人工复核
RQ_00601,legacy_evidence,TIEBA_0070_U02,TIEBA_0070,legacy_ai_label_unreviewed,normal,legacy 迁移证据待人工复核
RQ_00602,legacy_evidence,TIEBA_0071_U01,TIEBA_0071,legacy_ai_label_unreviewed,normal,legacy 迁移证据待人工复核
RQ_00603,legacy_evidence,TIEBA_0072_U01,TIEBA_0072,legacy_ai_label_unreviewed,normal,legacy 迁移证据待人工复核
RQ_00604,legacy_evidence,TIEBA_0073_U01,TIEBA_0073,legacy_ai_label_unreviewed,normal,legacy 迁移证据待人工复核
RQ_00605,legacy_evidence,TIEBA_0073_U02,TIEBA_0073,legacy_ai_label_unreviewed,normal,legacy 迁移证据待人工复核
RQ_00606,legacy_evidence,TIEBA_0073_U03,TIEBA_0073,legacy_ai_label_unreviewed,normal,legacy 迁移证据待人工复核
RQ_00607,legacy_evidence,TIEBA_0074_U01,TIEBA_0074,legacy_ai_label_unreviewed,normal,legacy 迁移证据待人工复核
RQ_00608,legacy_evidence,TIEBA_0075_U01,TIEBA_0075,legacy_ai_label_unreviewed,normal,legacy 迁移证据待人工复核
RQ_00609,legacy_evidence,TIEBA_0075_U02,TIEBA_0075,legacy_ai_label_unreviewed,normal,legacy 迁移证据待人工复核
RQ_00610,legacy_evidence,TIEBA_0076_U01,TIEBA_0076,legacy_ai_label_unreviewed,normal,legacy 迁移证据待人工复核
RQ_00611,legacy_evidence,TIEBA_0076_U02,TIEBA_0076,legacy_ai_label_unreviewed,normal,legacy 迁移证据待人工复核
RQ_00612,legacy_evidence,TIEBA_0077_U01,TIEBA_0077,legacy_ai_label_unreviewed,normal,legacy 迁移证据待人工复核
RQ_00613,legacy_evidence,TIEBA_0077_U02,TIEBA_0077,legacy_ai_label_unreviewed,normal,legacy 迁移证据待人工复核
RQ_00614,legacy_evidence,TIEBA_0078_U01,TIEBA_0078,legacy_ai_label_unreviewed,normal,legacy 迁移证据待人工复核
RQ_00615,legacy_evidence,TIEBA_0079_U01,TIEBA_0079,legacy_ai_label_unreviewed,normal,legacy 迁移证据待人工复核
RQ_00616,legacy_evidence,TIEBA_0079_U02,TIEBA_0079,legacy_ai_label_unreviewed,normal,legacy 迁移证据待人工复核
RQ_00617,legacy_evidence,TIEBA_0079_U03,TIEBA_0079,legacy_ai_label_unreviewed,normal,legacy 迁移证据待人工复核
RQ_00618,legacy_evidence,TIEBA_0079_U04,TIEBA_0079,legacy_ai_label_unreviewed,normal,legacy 迁移证据待人工复核
RQ_00619,legacy_evidence,TIEBA_0079_U05,TIEBA_0079,legacy_ai_label_unreviewed,normal,legacy 迁移证据待人工复核
RQ_00620,legacy_evidence,TIEBA_0080_U01,TIEBA_0080,legacy_ai_label_unreviewed,normal,legacy 迁移证据待人工复核
RQ_00621,legacy_evidence,TIEBA_0081_U01,TIEBA_0081,legacy_ai_label_unreviewed,normal,legacy 迁移证据待人工复核
RQ_00622,legacy_evidence,TIEBA_0082_U01,TIEBA_0082,legacy_ai_label_unreviewed,normal,legacy 迁移证据待人工复核
RQ_00623,legacy_evidence,TIEBA_0083_U01,TIEBA_0083,legacy_ai_label_unreviewed,normal,legacy 迁移证据待人工复核
RQ_00624,legacy_evidence,TIEBA_0083_U02,TIEBA_0083,legacy_ai_label_unreviewed,normal,legacy 迁移证据待人工复核
RQ_00625,legacy_evidence,TIEBA_0084_U01,TIEBA_0084,legacy_ai_label_unreviewed,normal,legacy 迁移证据待人工复核
RQ_00626,legacy_evidence,TIEBA_0084_U02,TIEBA_0084,legacy_ai_label_unreviewed,normal,legacy 迁移证据待人工复核
RQ_00627,legacy_evidence,TIEBA_0085_U01,TIEBA_0085,legacy_ai_label_unreviewed,normal,legacy 迁移证据待人工复核
RQ_00628,legacy_evidence,TIEBA_0085_U02,TIEBA_0085,legacy_ai_label_unreviewed,normal,legacy 迁移证据待人工复核
RQ_00629,legacy_evidence,TIEBA_0085_U03,TIEBA_0085,legacy_ai_label_unreviewed,normal,legacy 迁移证据待人工复核
RQ_00630,legacy_evidence,TIEBA_0086_U01,TIEBA_0086,legacy_ai_label_unreviewed,normal,legacy 迁移证据待人工复核
RQ_00631,legacy_evidence,TIEBA_0086_U02,TIEBA_0086,legacy_ai_label_unreviewed,normal,legacy 迁移证据待人工复核
RQ_00632,legacy_evidence,TIEBA_0087_U01,TIEBA_0087,legacy_ai_label_unreviewed,normal,legacy 迁移证据待人工复核
RQ_00633,legacy_evidence,TIEBA_0088_U01,TIEBA_0088,legacy_ai_label_unreviewed,normal,legacy 迁移证据待人工复核
RQ_00634,legacy_evidence,TIEBA_0088_U02,TIEBA_0088,legacy_ai_label_unreviewed,normal,legacy 迁移证据待人工复核
RQ_00635,legacy_evidence,TIEBA_0089_U01,TIEBA_0089,legacy_ai_label_unreviewed,normal,legacy 迁移证据待人工复核
RQ_00636,legacy_evidence,TIEBA_0090_U01,TIEBA_0090,legacy_ai_label_unreviewed,normal,legacy 迁移证据待人工复核
RQ_00637,legacy_evidence,TIEBA_0090_U02,TIEBA_0090,legacy_ai_label_unreviewed,normal,legacy 迁移证据待人工复核
RQ_00638,legacy_evidence,TIEBA_0091_U01,TIEBA_0091,legacy_ai_label_unreviewed,normal,legacy 迁移证据待人工复核
RQ_00639,legacy_evidence,TIEBA_0091_U02,TIEBA_0091,legacy_ai_label_unreviewed,normal,legacy 迁移证据待人工复核
RQ_00640,legacy_evidence,TIEBA_0091_U03,TIEBA_0091,legacy_ai_label_unreviewed,normal,legacy 迁移证据待人工复核
RQ_00641,legacy_evidence,TIEBA_0091_U04,TIEBA_0091,legacy_ai_label_unreviewed,normal,legacy 迁移证据待人工复核
RQ_00642,legacy_evidence,TIEBA_0091_U05,TIEBA_0091,legacy_ai_label_unreviewed,normal,legacy 迁移证据待人工复核
RQ_00643,legacy_evidence,TIEBA_0092_U01,TIEBA_0092,legacy_ai_label_unreviewed,normal,legacy 迁移证据待人工复核
RQ_00644,legacy_evidence,TIEBA_0092_U02,TIEBA_0092,legacy_ai_label_unreviewed,normal,legacy 迁移证据待人工复核
RQ_00645,legacy_evidence,TIEBA_0092_U03,TIEBA_0092,legacy_ai_label_unreviewed,normal,legacy 迁移证据待人工复核
RQ_00646,legacy_evidence,TIEBA_0093_U01,TIEBA_0093,legacy_ai_label_unreviewed,normal,legacy 迁移证据待人工复核
RQ_00647,legacy_evidence,TIEBA_0093_U02,TIEBA_0093,legacy_ai_label_unreviewed,normal,legacy 迁移证据待人工复核
RQ_00648,legacy_evidence,TIEBA_0094_U01,TIEBA_0094,legacy_ai_label_unreviewed,normal,legacy 迁移证据待人工复核
RQ_00649,legacy_evidence,TIEBA_0095_U01,TIEBA_0095,legacy_ai_label_unreviewed,normal,legacy 迁移证据待人工复核
RQ_00650,legacy_evidence,TIEBA_0095_U02,TIEBA_0095,legacy_ai_label_unreviewed,normal,legacy 迁移证据待人工复核
RQ_00651,legacy_evidence,TIEBA_0095_U03,TIEBA_0095,legacy_ai_label_unreviewed,normal,legacy 迁移证据待人工复核
RQ_00652,legacy_evidence,TIEBA_0096_U01,TIEBA_0096,legacy_ai_label_unreviewed,normal,legacy 迁移证据待人工复核
RQ_00653,legacy_evidence,TIEBA_0097_U01,TIEBA_0097,legacy_ai_label_unreviewed,normal,legacy 迁移证据待人工复核
RQ_00654,legacy_evidence,TIEBA_0098_U01,TIEBA_0098,legacy_ai_label_unreviewed,normal,legacy 迁移证据待人工复核
RQ_00655,legacy_evidence,TIEBA_0099_U01,TIEBA_0099,legacy_ai_label_unreviewed,normal,legacy 迁移证据待人工复核
RQ_00656,legacy_evidence,TIEBA_0099_U02,TIEBA_0099,legacy_ai_label_unreviewed,normal,legacy 迁移证据待人工复核
RQ_00657,legacy_evidence,TIEBA_0100_U01,TIEBA_0100,legacy_ai_label_unreviewed,normal,legacy 迁移证据待人工复核
RQ_00658,legacy_evidence,TIEBA_0100_U02,TIEBA_0100,legacy_ai_label_unreviewed,normal,legacy 迁移证据待人工复核
RQ_00659,legacy_evidence,TIEBA_0101_U01,TIEBA_0101,legacy_ai_label_unreviewed,normal,legacy 迁移证据待人工复核
RQ_00660,legacy_evidence,TIEBA_0102_U01,TIEBA_0102,legacy_ai_label_unreviewed,normal,legacy 迁移证据待人工复核
RQ_00661,legacy_evidence,TIEBA_0102_U02,TIEBA_0102,legacy_ai_label_unreviewed,normal,legacy 迁移证据待人工复核
RQ_00662,legacy_evidence,TIEBA_0103_U01,TIEBA_0103,legacy_ai_label_unreviewed,normal,legacy 迁移证据待人工复核
RQ_00663,legacy_evidence,TIEBA_0103_U02,TIEBA_0103,legacy_ai_label_unreviewed,normal,legacy 迁移证据待人工复核
RQ_00664,legacy_evidence,TIEBA_0103_U03,TIEBA_0103,legacy_ai_label_unreviewed,normal,legacy 迁移证据待人工复核
RQ_00665,legacy_evidence,TIEBA_0103_U04,TIEBA_0103,legacy_ai_label_unreviewed,normal,legacy 迁移证据待人工复核
RQ_00666,legacy_evidence,TIEBA_0104_U01,TIEBA_0104,legacy_ai_label_unreviewed,normal,legacy 迁移证据待人工复核
RQ_00667,legacy_evidence,TIEBA_0105_U01,TIEBA_0105,legacy_ai_label_unreviewed,normal,legacy 迁移证据待人工复核
RQ_00668,legacy_evidence,TIEBA_0105_U02,TIEBA_0105,legacy_ai_label_unreviewed,normal,legacy 迁移证据待人工复核
RQ_00669,legacy_evidence,TIEBA_0105_U03,TIEBA_0105,legacy_ai_label_unreviewed,normal,legacy 迁移证据待人工复核
RQ_00670,legacy_evidence,TIEBA_0105_U04,TIEBA_0105,legacy_ai_label_unreviewed,normal,legacy 迁移证据待人工复核
RQ_00671,legacy_evidence,TIEBA_0106_U01,TIEBA_0106,legacy_ai_label_unreviewed,normal,legacy 迁移证据待人工复核
RQ_00672,legacy_evidence,TIEBA_0107_U01,TIEBA_0107,legacy_ai_label_unreviewed,normal,legacy 迁移证据待人工复核
RQ_00673,legacy_evidence,TIEBA_0107_U02,TIEBA_0107,legacy_ai_label_unreviewed,normal,legacy 迁移证据待人工复核
RQ_00674,legacy_evidence,TIEBA_0108_U01,TIEBA_0108,legacy_ai_label_unreviewed,normal,legacy 迁移证据待人工复核
RQ_00675,legacy_evidence,TIEBA_0109_U01,TIEBA_0109,legacy_ai_label_unreviewed,normal,legacy 迁移证据待人工复核
RQ_00676,legacy_evidence,TIEBA_0109_U02,TIEBA_0109,legacy_ai_label_unreviewed,normal,legacy 迁移证据待人工复核
RQ_00677,legacy_evidence,TIEBA_0110_U01,TIEBA_0110,legacy_ai_label_unreviewed,normal,legacy 迁移证据待人工复核
RQ_00678,legacy_evidence,TIEBA_0110_U02,TIEBA_0110,legacy_ai_label_unreviewed,normal,legacy 迁移证据待人工复核
RQ_00679,legacy_evidence,TIEBA_0111_U01,TIEBA_0111,legacy_ai_label_unreviewed,normal,legacy 迁移证据待人工复核
RQ_00680,legacy_evidence,TIEBA_0111_U02,TIEBA_0111,legacy_ai_label_unreviewed,normal,legacy 迁移证据待人工复核
RQ_00681,legacy_evidence,TIEBA_0112_U01,TIEBA_0112,legacy_ai_label_unreviewed,normal,legacy 迁移证据待人工复核
RQ_00682,legacy_evidence,TIEBA_0112_U02,TIEBA_0112,legacy_ai_label_unreviewed,normal,legacy 迁移证据待人工复核
RQ_00683,legacy_evidence,TIEBA_0113_U01,TIEBA_0113,legacy_ai_label_unreviewed,normal,legacy 迁移证据待人工复核
RQ_00684,legacy_evidence,TIEBA_0113_U02,TIEBA_0113,legacy_ai_label_unreviewed,normal,legacy 迁移证据待人工复核
RQ_00685,legacy_evidence,TIEBA_0114_U01,TIEBA_0114,legacy_ai_label_unreviewed,normal,legacy 迁移证据待人工复核
RQ_00686,legacy_evidence,TIEBA_0115_U01,TIEBA_0115,legacy_ai_label_unreviewed,normal,legacy 迁移证据待人工复核
RQ_00687,legacy_evidence,TIEBA_0115_U02,TIEBA_0115,legacy_ai_label_unreviewed,normal,legacy 迁移证据待人工复核
RQ_00688,legacy_evidence,TIEBA_0116_U01,TIEBA_0116,legacy_ai_label_unreviewed,normal,legacy 迁移证据待人工复核
RQ_00689,legacy_evidence,TIEBA_0117_U01,TIEBA_0117,legacy_ai_label_unreviewed,normal,legacy 迁移证据待人工复核
RQ_00690,legacy_evidence,TIEBA_0117_U02,TIEBA_0117,legacy_ai_label_unreviewed,normal,legacy 迁移证据待人工复核
RQ_00691,legacy_evidence,TIEBA_0118_U01,TIEBA_0118,legacy_ai_label_unreviewed,normal,legacy 迁移证据待人工复核
RQ_00692,legacy_evidence,TIEBA_0119_U01,TIEBA_0119,legacy_ai_label_unreviewed,normal,legacy 迁移证据待人工复核
RQ_00693,legacy_evidence,TIEBA_0120_U01,TIEBA_0120,legacy_ai_label_unreviewed,normal,legacy 迁移证据待人工复核
RQ_00694,legacy_evidence,TIEBA_0120_U02,TIEBA_0120,legacy_ai_label_unreviewed,normal,legacy 迁移证据待人工复核
RQ_00695,legacy_evidence,TIEBA_0120_U03,TIEBA_0120,legacy_ai_label_unreviewed,normal,legacy 迁移证据待人工复核
RQ_00696,bili_candidate,BQ_0001,BILI_0001,agent_proposed_unreviewed,normal,B 站候选单元 + Agent 提案待人工复核
RQ_00697,bili_candidate,BQ_0002,BILI_0002,agent_proposed_unreviewed,normal,B 站候选单元 + Agent 提案待人工复核
RQ_00698,bili_candidate,BQ_0003,BILI_0002,agent_proposed_unreviewed,normal,B 站候选单元 + Agent 提案待人工复核
RQ_00699,bili_candidate,BQ_0004,BILI_0002,agent_proposed_unreviewed,normal,B 站候选单元 + Agent 提案待人工复核
RQ_00700,bili_candidate,BQ_0005,BILI_0002,agent_proposed_unreviewed,normal,B 站候选单元 + Agent 提案待人工复核
RQ_00701,bili_candidate,BQ_0006,BILI_0003,agent_proposed_unreviewed,normal,B 站候选单元 + Agent 提案待人工复核
RQ_00702,bili_candidate,BQ_0007,BILI_0004,agent_proposed_unreviewed,normal,B 站候选单元 + Agent 提案待人工复核
RQ_00703,bili_candidate,BQ_0008,BILI_0005,agent_proposed_unreviewed,normal,B 站候选单元 + Agent 提案待人工复核
RQ_00704,bili_candidate,BQ_0009,BILI_0006,agent_proposed_unreviewed,normal,B 站候选单元 + Agent 提案待人工复核
RQ_00705,bili_candidate,BQ_0010,BILI_0007,agent_proposed_unreviewed,normal,B 站候选单元 + Agent 提案待人工复核
RQ_00706,bili_candidate,BQ_0011,BILI_0007,agent_proposed_unreviewed,normal,B 站候选单元 + Agent 提案待人工复核
RQ_00707,bili_candidate,BQ_0012,BILI_0007,agent_proposed_unreviewed,normal,B 站候选单元 + Agent 提案待人工复核
RQ_00708,bili_candidate,BQ_0013,BILI_0007,agent_proposed_unreviewed,normal,B 站候选单元 + Agent 提案待人工复核
RQ_00709,bili_candidate,BQ_0014,BILI_0008,agent_proposed_unreviewed,normal,B 站候选单元 + Agent 提案待人工复核
RQ_00710,bili_candidate,BQ_0015,BILI_0009,agent_proposed_unreviewed,normal,B 站候选单元 + Agent 提案待人工复核
RQ_00711,bili_candidate,BQ_0016,BILI_0010,agent_proposed_unreviewed,normal,B 站候选单元 + Agent 提案待人工复核
RQ_00712,bili_candidate,BQ_0017,BILI_0010,agent_proposed_unreviewed,normal,B 站候选单元 + Agent 提案待人工复核
RQ_00713,bili_candidate,BQ_0018,BILI_0010,agent_proposed_unreviewed,normal,B 站候选单元 + Agent 提案待人工复核
RQ_00714,bili_candidate,BQ_0019,BILI_0010,agent_proposed_unreviewed,normal,B 站候选单元 + Agent 提案待人工复核
RQ_00715,bili_candidate,BQ_0020,BILI_0011,agent_proposed_unreviewed,normal,B 站候选单元 + Agent 提案待人工复核
RQ_00716,bili_candidate,BQ_0021,BILI_0011,agent_proposed_unreviewed,normal,B 站候选单元 + Agent 提案待人工复核
RQ_00717,bili_candidate,BQ_0022,BILI_0012,agent_proposed_unreviewed,normal,B 站候选单元 + Agent 提案待人工复核
RQ_00718,bili_candidate,BQ_0023,BILI_0012,agent_proposed_unreviewed,normal,B 站候选单元 + Agent 提案待人工复核
RQ_00719,bili_candidate,BQ_0024,BILI_0013,agent_proposed_unreviewed,normal,B 站候选单元 + Agent 提案待人工复核
RQ_00720,bili_candidate,BQ_0025,BILI_0013,agent_proposed_unreviewed,normal,B 站候选单元 + Agent 提案待人工复核
RQ_00721,bili_candidate,BQ_0026,BILI_0013,agent_proposed_unreviewed,normal,B 站候选单元 + Agent 提案待人工复核
RQ_00722,bili_candidate,BQ_0027,BILI_0013,agent_proposed_unreviewed,normal,B 站候选单元 + Agent 提案待人工复核
RQ_00723,bili_candidate,BQ_0028,BILI_0013,agent_proposed_unreviewed,normal,B 站候选单元 + Agent 提案待人工复核
RQ_00724,bili_candidate,BQ_0029,BILI_0013,agent_proposed_unreviewed,normal,B 站候选单元 + Agent 提案待人工复核
RQ_00725,bili_candidate,BQ_0030,BILI_0013,agent_proposed_unreviewed,normal,B 站候选单元 + Agent 提案待人工复核
RQ_00726,bili_candidate,BQ_0031,BILI_0013,agent_proposed_unreviewed,normal,B 站候选单元 + Agent 提案待人工复核
RQ_00727,bili_candidate,BQ_0032,BILI_0013,agent_proposed_unreviewed,normal,B 站候选单元 + Agent 提案待人工复核
RQ_00728,bili_candidate,BQ_0033,BILI_0013,agent_proposed_unreviewed,normal,B 站候选单元 + Agent 提案待人工复核
RQ_00729,bili_candidate,BQ_0034,BILI_0013,agent_proposed_unreviewed,normal,B 站候选单元 + Agent 提案待人工复核
RQ_00730,bili_candidate,BQ_0035,BILI_0013,agent_proposed_unreviewed,normal,B 站候选单元 + Agent 提案待人工复核
RQ_00731,bili_candidate,BQ_0036,BILI_0013,agent_proposed_unreviewed,normal,B 站候选单元 + Agent 提案待人工复核
RQ_00732,bili_candidate,BQ_0037,BILI_0013,agent_proposed_unreviewed,normal,B 站候选单元 + Agent 提案待人工复核
RQ_00733,bili_candidate,BQ_0038,BILI_0013,agent_proposed_unreviewed,normal,B 站候选单元 + Agent 提案待人工复核
RQ_00734,bili_candidate,BQ_0039,BILI_0013,agent_proposed_unreviewed,normal,B 站候选单元 + Agent 提案待人工复核
RQ_00735,bili_candidate,BQ_0040,BILI_0013,agent_proposed_unreviewed,normal,B 站候选单元 + Agent 提案待人工复核
RQ_00736,bili_candidate,BQ_0041,BILI_0013,agent_proposed_unreviewed,normal,B 站候选单元 + Agent 提案待人工复核
RQ_00737,bili_candidate,BQ_0042,BILI_0013,agent_proposed_unreviewed,normal,B 站候选单元 + Agent 提案待人工复核
RQ_00738,bili_candidate,BQ_0043,BILI_0013,agent_proposed_unreviewed,normal,B 站候选单元 + Agent 提案待人工复核
RQ_00739,bili_candidate,BQ_0044,BILI_0013,agent_proposed_unreviewed,normal,B 站候选单元 + Agent 提案待人工复核
RQ_00740,bili_candidate,BQ_0045,BILI_0013,agent_proposed_unreviewed,normal,B 站候选单元 + Agent 提案待人工复核
RQ_00741,bili_candidate,BQ_0046,BILI_0013,agent_proposed_unreviewed,normal,B 站候选单元 + Agent 提案待人工复核
RQ_00742,bili_candidate,BQ_0047,BILI_0013,agent_proposed_unreviewed,normal,B 站候选单元 + Agent 提案待人工复核
RQ_00743,bili_candidate,BQ_0048,BILI_0013,agent_proposed_unreviewed,normal,B 站候选单元 + Agent 提案待人工复核
RQ_00744,bili_candidate,BQ_0049,BILI_0013,agent_proposed_unreviewed,normal,B 站候选单元 + Agent 提案待人工复核
RQ_00745,bili_candidate,BQ_0050,BILI_0013,agent_proposed_unreviewed,normal,B 站候选单元 + Agent 提案待人工复核
RQ_00746,bili_candidate,BQ_0051,BILI_0014,agent_proposed_unreviewed,normal,B 站候选单元 + Agent 提案待人工复核
RQ_00747,bili_candidate,BQ_0052,BILI_0014,agent_proposed_unreviewed,normal,B 站候选单元 + Agent 提案待人工复核
RQ_00748,bili_candidate,BQ_0053,BILI_0015,agent_proposed_unreviewed,normal,B 站候选单元 + Agent 提案待人工复核
RQ_00749,bili_candidate,BQ_0054,BILI_0016,agent_proposed_unreviewed,normal,B 站候选单元 + Agent 提案待人工复核
RQ_00750,bili_candidate,BQ_0055,BILI_0016,agent_proposed_unreviewed,normal,B 站候选单元 + Agent 提案待人工复核
RQ_00751,bili_candidate,BQ_0056,BILI_0016,agent_proposed_unreviewed,normal,B 站候选单元 + Agent 提案待人工复核
RQ_00752,bili_candidate,BQ_0057,BILI_0017,agent_proposed_unreviewed,normal,B 站候选单元 + Agent 提案待人工复核
RQ_00753,bili_candidate,BQ_0058,BILI_0017,agent_proposed_unreviewed,normal,B 站候选单元 + Agent 提案待人工复核
RQ_00754,bili_candidate,BQ_0059,BILI_0017,agent_proposed_unreviewed,normal,B 站候选单元 + Agent 提案待人工复核
RQ_00755,bili_candidate,BQ_0060,BILI_0018,agent_proposed_unreviewed,normal,B 站候选单元 + Agent 提案待人工复核
RQ_00756,bili_candidate,BQ_0061,BILI_0018,agent_proposed_unreviewed,normal,B 站候选单元 + Agent 提案待人工复核
RQ_00757,bili_candidate,BQ_0062,BILI_0019,agent_proposed_unreviewed,normal,B 站候选单元 + Agent 提案待人工复核
RQ_00758,bili_candidate,BQ_0063,BILI_0019,agent_proposed_unreviewed,normal,B 站候选单元 + Agent 提案待人工复核
RQ_00759,bili_candidate,BQ_0064,BILI_0020,agent_proposed_unreviewed,normal,B 站候选单元 + Agent 提案待人工复核
RQ_00760,bili_candidate,BQ_0065,BILI_0021,agent_proposed_unreviewed,normal,B 站候选单元 + Agent 提案待人工复核
RQ_00761,bili_candidate,BQ_0066,BILI_0022,agent_proposed_unreviewed,normal,B 站候选单元 + Agent 提案待人工复核
RQ_00762,bili_candidate,BQ_0067,BILI_0023,agent_proposed_unreviewed,normal,B 站候选单元 + Agent 提案待人工复核
RQ_00763,bili_candidate,BQ_0068,BILI_0024,agent_proposed_unreviewed,normal,B 站候选单元 + Agent 提案待人工复核
RQ_00764,bili_candidate,BQ_0069,BILI_0025,agent_proposed_unreviewed,normal,B 站候选单元 + Agent 提案待人工复核
RQ_00765,bili_candidate,BQ_0070,BILI_0025,agent_proposed_unreviewed,normal,B 站候选单元 + Agent 提案待人工复核
RQ_00766,bili_candidate,BQ_0071,BILI_0025,agent_proposed_unreviewed,normal,B 站候选单元 + Agent 提案待人工复核
RQ_00767,bili_candidate,BQ_0072,BILI_0025,agent_proposed_unreviewed,normal,B 站候选单元 + Agent 提案待人工复核
RQ_00768,bili_candidate,BQ_0073,BILI_0025,agent_proposed_unreviewed,normal,B 站候选单元 + Agent 提案待人工复核
RQ_00769,bili_candidate,BQ_0074,BILI_0026,agent_proposed_unreviewed,normal,B 站候选单元 + Agent 提案待人工复核
RQ_00770,bili_candidate,BQ_0075,BILI_0026,agent_proposed_unreviewed,normal,B 站候选单元 + Agent 提案待人工复核
RQ_00771,bili_candidate,BQ_0076,BILI_0026,agent_proposed_unreviewed,normal,B 站候选单元 + Agent 提案待人工复核
RQ_00772,bili_candidate,BQ_0077,BILI_0027,agent_proposed_unreviewed,normal,B 站候选单元 + Agent 提案待人工复核
RQ_00773,bili_candidate,BQ_0078,BILI_0028,agent_proposed_unreviewed,normal,B 站候选单元 + Agent 提案待人工复核
RQ_00774,bili_candidate,BQ_0079,BILI_0029,agent_proposed_unreviewed,normal,B 站候选单元 + Agent 提案待人工复核
RQ_00775,bili_candidate,BQ_0080,BILI_0029,agent_proposed_unreviewed,normal,B 站候选单元 + Agent 提案待人工复核
RQ_00776,bili_candidate,BQ_0081,BILI_0029,agent_proposed_unreviewed,normal,B 站候选单元 + Agent 提案待人工复核
RQ_00777,bili_candidate,BQ_0082,BILI_0029,agent_proposed_unreviewed,normal,B 站候选单元 + Agent 提案待人工复核
RQ_00778,bili_candidate,BQ_0083,BILI_0029,agent_proposed_unreviewed,normal,B 站候选单元 + Agent 提案待人工复核
RQ_00779,bili_candidate,BQ_0084,BILI_0029,agent_proposed_unreviewed,normal,B 站候选单元 + Agent 提案待人工复核
RQ_00780,bili_candidate,BQ_0085,BILI_0029,agent_proposed_unreviewed,normal,B 站候选单元 + Agent 提案待人工复核
RQ_00781,bili_candidate,BQ_0086,BILI_0029,agent_proposed_unreviewed,normal,B 站候选单元 + Agent 提案待人工复核
RQ_00782,bili_candidate,BQ_0087,BILI_0029,agent_proposed_unreviewed,normal,B 站候选单元 + Agent 提案待人工复核
RQ_00783,bili_candidate,BQ_0088,BILI_0029,agent_proposed_unreviewed,normal,B 站候选单元 + Agent 提案待人工复核
RQ_00784,bili_candidate,BQ_0089,BILI_0029,agent_proposed_unreviewed,normal,B 站候选单元 + Agent 提案待人工复核
RQ_00785,bili_candidate,BQ_0090,BILI_0030,agent_proposed_unreviewed,normal,B 站候选单元 + Agent 提案待人工复核
RQ_00786,bili_candidate,BQ_0091,BILI_0030,agent_proposed_unreviewed,normal,B 站候选单元 + Agent 提案待人工复核
RQ_00787,bili_candidate,BQ_0092,BILI_0030,agent_proposed_unreviewed,normal,B 站候选单元 + Agent 提案待人工复核
RQ_00788,bili_candidate,BQ_0093,BILI_0031,agent_proposed_unreviewed,normal,B 站候选单元 + Agent 提案待人工复核
RQ_00789,bili_candidate,BQ_0094,BILI_0031,agent_proposed_unreviewed,normal,B 站候选单元 + Agent 提案待人工复核
RQ_00790,bili_candidate,BQ_0095,BILI_0031,agent_proposed_unreviewed,normal,B 站候选单元 + Agent 提案待人工复核
RQ_00791,bili_candidate,BQ_0096,BILI_0031,agent_proposed_unreviewed,normal,B 站候选单元 + Agent 提案待人工复核
RQ_00792,bili_candidate,BQ_0097,BILI_0031,agent_proposed_unreviewed,normal,B 站候选单元 + Agent 提案待人工复核
RQ_00793,bili_candidate,BQ_0098,BILI_0031,agent_proposed_unreviewed,normal,B 站候选单元 + Agent 提案待人工复核
RQ_00794,bili_candidate,BQ_0099,BILI_0031,agent_proposed_unreviewed,normal,B 站候选单元 + Agent 提案待人工复核
RQ_00795,bili_candidate,BQ_0100,BILI_0031,agent_proposed_unreviewed,normal,B 站候选单元 + Agent 提案待人工复核
RQ_00796,bili_candidate,BQ_0101,BILI_0032,agent_proposed_unreviewed,normal,B 站候选单元 + Agent 提案待人工复核
RQ_00797,bili_candidate,BQ_0102,BILI_0032,agent_proposed_unreviewed,normal,B 站候选单元 + Agent 提案待人工复核
RQ_00798,bili_candidate,BQ_0103,BILI_0032,agent_proposed_unreviewed,normal,B 站候选单元 + Agent 提案待人工复核
RQ_00799,bili_candidate,BQ_0104,BILI_0033,agent_proposed_unreviewed,normal,B 站候选单元 + Agent 提案待人工复核
RQ_00800,bili_candidate,BQ_0105,BILI_0034,agent_proposed_unreviewed,normal,B 站候选单元 + Agent 提案待人工复核
RQ_00801,bili_candidate,BQ_0106,BILI_0035,agent_proposed_unreviewed,normal,B 站候选单元 + Agent 提案待人工复核
RQ_00802,bili_candidate,BQ_0107,BILI_0036,agent_proposed_unreviewed,normal,B 站候选单元 + Agent 提案待人工复核
RQ_00803,bili_candidate,BQ_0108,BILI_0036,agent_proposed_unreviewed,normal,B 站候选单元 + Agent 提案待人工复核
RQ_00804,bili_candidate,BQ_0109,BILI_0037,agent_proposed_unreviewed,normal,B 站候选单元 + Agent 提案待人工复核
RQ_00805,bili_candidate,BQ_0110,BILI_0037,agent_proposed_unreviewed,normal,B 站候选单元 + Agent 提案待人工复核
RQ_00806,bili_candidate,BQ_0111,BILI_0037,agent_proposed_unreviewed,normal,B 站候选单元 + Agent 提案待人工复核
RQ_00807,bili_candidate,BQ_0112,BILI_0038,agent_proposed_unreviewed,normal,B 站候选单元 + Agent 提案待人工复核
RQ_00808,bili_candidate,BQ_0113,BILI_0039,agent_proposed_unreviewed,normal,B 站候选单元 + Agent 提案待人工复核
RQ_00809,bili_candidate,BQ_0114,BILI_0040,agent_proposed_unreviewed,normal,B 站候选单元 + Agent 提案待人工复核
RQ_00810,bili_candidate,BQ_0115,BILI_0040,agent_proposed_unreviewed,normal,B 站候选单元 + Agent 提案待人工复核
RQ_00811,bili_candidate,BQ_0116,BILI_0041,agent_proposed_unreviewed,normal,B 站候选单元 + Agent 提案待人工复核
RQ_00812,bili_candidate,BQ_0117,BILI_0041,agent_proposed_unreviewed,normal,B 站候选单元 + Agent 提案待人工复核
RQ_00813,bili_candidate,BQ_0118,BILI_0042,agent_proposed_unreviewed,normal,B 站候选单元 + Agent 提案待人工复核
RQ_00814,bili_candidate,BQ_0119,BILI_0042,agent_proposed_unreviewed,normal,B 站候选单元 + Agent 提案待人工复核
RQ_00815,bili_candidate,BQ_0120,BILI_0043,agent_proposed_unreviewed,normal,B 站候选单元 + Agent 提案待人工复核
RQ_00816,bili_candidate,BQ_0121,BILI_0044,agent_proposed_unreviewed,normal,B 站候选单元 + Agent 提案待人工复核
RQ_00817,bili_candidate,BQ_0122,BILI_0044,agent_proposed_unreviewed,normal,B 站候选单元 + Agent 提案待人工复核
RQ_00818,bili_candidate,BQ_0123,BILI_0044,agent_proposed_unreviewed,normal,B 站候选单元 + Agent 提案待人工复核
RQ_00819,bili_candidate,BQ_0124,BILI_0044,agent_proposed_unreviewed,normal,B 站候选单元 + Agent 提案待人工复核
RQ_00820,bili_candidate,BQ_0125,BILI_0044,agent_proposed_unreviewed,normal,B 站候选单元 + Agent 提案待人工复核
RQ_00821,bili_candidate,BQ_0126,BILI_0045,agent_proposed_unreviewed,normal,B 站候选单元 + Agent 提案待人工复核
RQ_00822,bili_candidate,BQ_0127,BILI_0046,agent_proposed_unreviewed,normal,B 站候选单元 + Agent 提案待人工复核
RQ_00823,bili_candidate,BQ_0128,BILI_0046,agent_proposed_unreviewed,normal,B 站候选单元 + Agent 提案待人工复核
RQ_00824,bili_candidate,BQ_0129,BILI_0046,agent_proposed_unreviewed,normal,B 站候选单元 + Agent 提案待人工复核
RQ_00825,bili_candidate,BQ_0130,BILI_0047,agent_proposed_unreviewed,normal,B 站候选单元 + Agent 提案待人工复核
RQ_00826,bili_candidate,BQ_0131,BILI_0047,agent_proposed_unreviewed,normal,B 站候选单元 + Agent 提案待人工复核
RQ_00827,bili_candidate,BQ_0132,BILI_0048,agent_proposed_unreviewed,normal,B 站候选单元 + Agent 提案待人工复核
RQ_00828,bili_candidate,BQ_0133,BILI_0048,agent_proposed_unreviewed,normal,B 站候选单元 + Agent 提案待人工复核
RQ_00829,bili_candidate,BQ_0134,BILI_0048,agent_proposed_unreviewed,normal,B 站候选单元 + Agent 提案待人工复核
RQ_00830,bili_candidate,BQ_0135,BILI_0048,agent_proposed_unreviewed,normal,B 站候选单元 + Agent 提案待人工复核
RQ_00831,bili_candidate,BQ_0136,BILI_0049,agent_proposed_unreviewed,normal,B 站候选单元 + Agent 提案待人工复核
RQ_00832,bili_candidate,BQ_0137,BILI_0049,agent_proposed_unreviewed,normal,B 站候选单元 + Agent 提案待人工复核
RQ_00833,bili_candidate,BQ_0138,BILI_0049,agent_proposed_unreviewed,normal,B 站候选单元 + Agent 提案待人工复核
RQ_00834,bili_candidate,BQ_0139,BILI_0049,agent_proposed_unreviewed,normal,B 站候选单元 + Agent 提案待人工复核
RQ_00835,bili_candidate,BQ_0140,BILI_0050,agent_proposed_unreviewed,normal,B 站候选单元 + Agent 提案待人工复核
RQ_00836,bili_candidate,BQ_0141,BILI_0050,agent_proposed_unreviewed,normal,B 站候选单元 + Agent 提案待人工复核
RQ_00837,bili_candidate,BQ_0142,BILI_0050,agent_proposed_unreviewed,normal,B 站候选单元 + Agent 提案待人工复核
RQ_00838,bili_candidate,BQ_0143,BILI_0051,agent_proposed_unreviewed,normal,B 站候选单元 + Agent 提案待人工复核
RQ_00839,bili_candidate,BQ_0144,BILI_0051,agent_proposed_unreviewed,normal,B 站候选单元 + Agent 提案待人工复核
RQ_00840,bili_candidate,BQ_0145,BILI_0051,agent_proposed_unreviewed,normal,B 站候选单元 + Agent 提案待人工复核
RQ_00841,bili_candidate,BQ_0146,BILI_0051,agent_proposed_unreviewed,normal,B 站候选单元 + Agent 提案待人工复核
RQ_00842,bili_candidate,BQ_0147,BILI_0052,agent_proposed_unreviewed,normal,B 站候选单元 + Agent 提案待人工复核
RQ_00843,bili_candidate,BQ_0148,BILI_0053,agent_proposed_unreviewed,normal,B 站候选单元 + Agent 提案待人工复核
RQ_00844,bili_candidate,BQ_0149,BILI_0053,agent_proposed_unreviewed,normal,B 站候选单元 + Agent 提案待人工复核
RQ_00845,bili_candidate,BQ_0150,BILI_0053,agent_proposed_unreviewed,normal,B 站候选单元 + Agent 提案待人工复核
RQ_00846,bili_candidate,BQ_0151,BILI_0053,agent_proposed_unreviewed,normal,B 站候选单元 + Agent 提案待人工复核
RQ_00847,bili_candidate,BQ_0152,BILI_0053,agent_proposed_unreviewed,normal,B 站候选单元 + Agent 提案待人工复核
RQ_00848,bili_candidate,BQ_0153,BILI_0053,agent_proposed_unreviewed,normal,B 站候选单元 + Agent 提案待人工复核
RQ_00849,bili_candidate,BQ_0154,BILI_0053,agent_proposed_unreviewed,normal,B 站候选单元 + Agent 提案待人工复核
RQ_00850,bili_candidate,BQ_0155,BILI_0053,agent_proposed_unreviewed,normal,B 站候选单元 + Agent 提案待人工复核
RQ_00851,bili_candidate,BQ_0156,BILI_0053,agent_proposed_unreviewed,normal,B 站候选单元 + Agent 提案待人工复核
RQ_00852,bili_candidate,BQ_0157,BILI_0054,agent_proposed_unreviewed,normal,B 站候选单元 + Agent 提案待人工复核
RQ_00853,bili_candidate,BQ_0158,BILI_0054,agent_proposed_unreviewed,normal,B 站候选单元 + Agent 提案待人工复核
RQ_00854,bili_candidate,BQ_0159,BILI_0054,agent_proposed_unreviewed,normal,B 站候选单元 + Agent 提案待人工复核
RQ_00855,bili_candidate,BQ_0160,BILI_0054,agent_proposed_unreviewed,normal,B 站候选单元 + Agent 提案待人工复核
RQ_00856,bili_candidate,BQ_0161,BILI_0054,agent_proposed_unreviewed,normal,B 站候选单元 + Agent 提案待人工复核
RQ_00857,bili_candidate,BQ_0162,BILI_0054,agent_proposed_unreviewed,normal,B 站候选单元 + Agent 提案待人工复核
RQ_00858,bili_candidate,BQ_0163,BILI_0054,agent_proposed_unreviewed,normal,B 站候选单元 + Agent 提案待人工复核
RQ_00859,bili_candidate,BQ_0164,BILI_0054,agent_proposed_unreviewed,normal,B 站候选单元 + Agent 提案待人工复核
RQ_00860,bili_candidate,BQ_0165,BILI_0054,agent_proposed_unreviewed,normal,B 站候选单元 + Agent 提案待人工复核
RQ_00861,bili_candidate,BQ_0166,BILI_0055,agent_proposed_unreviewed,normal,B 站候选单元 + Agent 提案待人工复核
RQ_00862,bili_candidate,BQ_0167,BILI_0056,agent_proposed_unreviewed,normal,B 站候选单元 + Agent 提案待人工复核
RQ_00863,bili_candidate,BQ_0168,BILI_0057,agent_proposed_unreviewed,normal,B 站候选单元 + Agent 提案待人工复核
RQ_00864,bili_candidate,BQ_0169,BILI_0057,agent_proposed_unreviewed,normal,B 站候选单元 + Agent 提案待人工复核
RQ_00865,bili_candidate,BQ_0170,BILI_0057,agent_proposed_unreviewed,normal,B 站候选单元 + Agent 提案待人工复核
RQ_00866,bili_candidate,BQ_0171,BILI_0057,agent_proposed_unreviewed,normal,B 站候选单元 + Agent 提案待人工复核
RQ_00867,bili_candidate,BQ_0172,BILI_0058,agent_proposed_unreviewed,normal,B 站候选单元 + Agent 提案待人工复核
RQ_00868,bili_candidate,BQ_0173,BILI_0058,agent_proposed_unreviewed,normal,B 站候选单元 + Agent 提案待人工复核
RQ_00869,bili_candidate,BQ_0174,BILI_0059,agent_proposed_unreviewed,normal,B 站候选单元 + Agent 提案待人工复核
RQ_00870,bili_candidate,BQ_0175,BILI_0060,agent_proposed_unreviewed,normal,B 站候选单元 + Agent 提案待人工复核
RQ_00871,bili_candidate,BQ_0176,BILI_0060,agent_proposed_unreviewed,normal,B 站候选单元 + Agent 提案待人工复核
RQ_00872,bili_candidate,BQ_0177,BILI_0060,agent_proposed_unreviewed,normal,B 站候选单元 + Agent 提案待人工复核
RQ_00873,bili_candidate,BQ_0178,BILI_0061,agent_proposed_unreviewed,normal,B 站候选单元 + Agent 提案待人工复核
RQ_00874,bili_candidate,BQ_0179,BILI_0062,agent_proposed_unreviewed,normal,B 站候选单元 + Agent 提案待人工复核
RQ_00875,bili_candidate,BQ_0180,BILI_0063,agent_proposed_unreviewed,normal,B 站候选单元 + Agent 提案待人工复核
RQ_00876,bili_candidate,BQ_0181,BILI_0064,agent_proposed_unreviewed,normal,B 站候选单元 + Agent 提案待人工复核
RQ_00877,bili_candidate,BQ_0182,BILI_0065,agent_proposed_unreviewed,normal,B 站候选单元 + Agent 提案待人工复核
RQ_00878,bili_candidate,BQ_0183,BILI_0066,agent_proposed_unreviewed,normal,B 站候选单元 + Agent 提案待人工复核
RQ_00879,bili_candidate,BQ_0184,BILI_0067,agent_proposed_unreviewed,normal,B 站候选单元 + Agent 提案待人工复核
RQ_00880,bili_candidate,BQ_0185,BILI_0068,agent_proposed_unreviewed,normal,B 站候选单元 + Agent 提案待人工复核
RQ_00881,bili_candidate,BQ_0186,BILI_0069,agent_proposed_unreviewed,normal,B 站候选单元 + Agent 提案待人工复核
RQ_00882,bili_candidate,BQ_0187,BILI_0070,agent_proposed_unreviewed,normal,B 站候选单元 + Agent 提案待人工复核
RQ_00883,bili_candidate,BQ_0188,BILI_0070,agent_proposed_unreviewed,normal,B 站候选单元 + Agent 提案待人工复核
RQ_00884,bili_candidate,BQ_0189,BILI_0071,agent_proposed_unreviewed,normal,B 站候选单元 + Agent 提案待人工复核
RQ_00885,bili_candidate,BQ_0190,BILI_0071,agent_proposed_unreviewed,normal,B 站候选单元 + Agent 提案待人工复核
RQ_00886,bili_candidate,BQ_0191,BILI_0071,agent_proposed_unreviewed,normal,B 站候选单元 + Agent 提案待人工复核
RQ_00887,bili_candidate,BQ_0192,BILI_0071,agent_proposed_unreviewed,normal,B 站候选单元 + Agent 提案待人工复核
RQ_00888,bili_candidate,BQ_0193,BILI_0072,agent_proposed_unreviewed,normal,B 站候选单元 + Agent 提案待人工复核
RQ_00889,bili_candidate,BQ_0194,BILI_0073,agent_proposed_unreviewed,normal,B 站候选单元 + Agent 提案待人工复核
RQ_00890,bili_candidate,BQ_0195,BILI_0073,agent_proposed_unreviewed,normal,B 站候选单元 + Agent 提案待人工复核
RQ_00891,bili_candidate,BQ_0196,BILI_0074,agent_proposed_unreviewed,normal,B 站候选单元 + Agent 提案待人工复核
RQ_00892,bili_candidate,BQ_0197,BILI_0075,agent_proposed_unreviewed,normal,B 站候选单元 + Agent 提案待人工复核
RQ_00893,bili_candidate,BQ_0198,BILI_0076,agent_proposed_unreviewed,normal,B 站候选单元 + Agent 提案待人工复核
RQ_00894,bili_candidate,BQ_0199,BILI_0076,agent_proposed_unreviewed,normal,B 站候选单元 + Agent 提案待人工复核
RQ_00895,bili_candidate,BQ_0200,BILI_0077,agent_proposed_unreviewed,normal,B 站候选单元 + Agent 提案待人工复核
RQ_00896,bili_candidate,BQ_0201,BILI_0078,agent_proposed_unreviewed,normal,B 站候选单元 + Agent 提案待人工复核
RQ_00897,bili_candidate,BQ_0202,BILI_0078,agent_proposed_unreviewed,normal,B 站候选单元 + Agent 提案待人工复核
RQ_00898,bili_candidate,BQ_0203,BILI_0078,agent_proposed_unreviewed,normal,B 站候选单元 + Agent 提案待人工复核
RQ_00899,bili_candidate,BQ_0204,BILI_0079,agent_proposed_unreviewed,normal,B 站候选单元 + Agent 提案待人工复核
RQ_00900,bili_candidate,BQ_0205,BILI_0080,agent_proposed_unreviewed,normal,B 站候选单元 + Agent 提案待人工复核
RQ_00901,bili_candidate,BQ_0206,BILI_0080,agent_proposed_unreviewed,normal,B 站候选单元 + Agent 提案待人工复核
RQ_00902,bili_candidate,BQ_0207,BILI_0080,agent_proposed_unreviewed,normal,B 站候选单元 + Agent 提案待人工复核
RQ_00903,bili_candidate,BQ_0208,BILI_0081,agent_proposed_unreviewed,normal,B 站候选单元 + Agent 提案待人工复核
RQ_00904,bili_candidate,BQ_0209,BILI_0082,agent_proposed_unreviewed,normal,B 站候选单元 + Agent 提案待人工复核
RQ_00905,bili_candidate,BQ_0210,BILI_0083,agent_proposed_unreviewed,normal,B 站候选单元 + Agent 提案待人工复核
RQ_00906,bili_candidate,BQ_0211,BILI_0083,agent_proposed_unreviewed,normal,B 站候选单元 + Agent 提案待人工复核
RQ_00907,bili_candidate,BQ_0212,BILI_0084,agent_proposed_unreviewed,normal,B 站候选单元 + Agent 提案待人工复核
RQ_00908,bili_candidate,BQ_0213,BILI_0084,agent_proposed_unreviewed,normal,B 站候选单元 + Agent 提案待人工复核
RQ_00909,bili_candidate,BQ_0214,BILI_0084,agent_proposed_unreviewed,normal,B 站候选单元 + Agent 提案待人工复核
RQ_00910,bili_candidate,BQ_0215,BILI_0085,agent_proposed_unreviewed,normal,B 站候选单元 + Agent 提案待人工复核
RQ_00911,bili_candidate,BQ_0216,BILI_0086,agent_proposed_unreviewed,normal,B 站候选单元 + Agent 提案待人工复核
RQ_00912,bili_candidate,BQ_0217,BILI_0087,agent_proposed_unreviewed,normal,B 站候选单元 + Agent 提案待人工复核
RQ_00913,bili_candidate,BQ_0218,BILI_0088,agent_proposed_unreviewed,normal,B 站候选单元 + Agent 提案待人工复核
RQ_00914,bili_candidate,BQ_0219,BILI_0088,agent_proposed_unreviewed,normal,B 站候选单元 + Agent 提案待人工复核
RQ_00915,bili_candidate,BQ_0220,BILI_0089,agent_proposed_unreviewed,normal,B 站候选单元 + Agent 提案待人工复核
RQ_00916,bili_candidate,BQ_0221,BILI_0090,agent_proposed_unreviewed,normal,B 站候选单元 + Agent 提案待人工复核
RQ_00917,bili_candidate,BQ_0222,BILI_0090,agent_proposed_unreviewed,normal,B 站候选单元 + Agent 提案待人工复核
RQ_00918,bili_candidate,BQ_0223,BILI_0091,agent_proposed_unreviewed,normal,B 站候选单元 + Agent 提案待人工复核
RQ_00919,bili_candidate,BQ_0224,BILI_0092,agent_proposed_unreviewed,normal,B 站候选单元 + Agent 提案待人工复核
RQ_00920,bili_candidate,BQ_0225,BILI_0092,agent_proposed_unreviewed,normal,B 站候选单元 + Agent 提案待人工复核
RQ_00921,bili_candidate,BQ_0226,BILI_0092,agent_proposed_unreviewed,normal,B 站候选单元 + Agent 提案待人工复核
RQ_00922,bili_candidate,BQ_0227,BILI_0092,agent_proposed_unreviewed,normal,B 站候选单元 + Agent 提案待人工复核
RQ_00923,bili_candidate,BQ_0228,BILI_0092,agent_proposed_unreviewed,normal,B 站候选单元 + Agent 提案待人工复核
RQ_00924,bili_candidate,BQ_0229,BILI_0093,agent_proposed_unreviewed,normal,B 站候选单元 + Agent 提案待人工复核
RQ_00925,bili_candidate,BQ_0230,BILI_0094,agent_proposed_unreviewed,normal,B 站候选单元 + Agent 提案待人工复核
RQ_00926,bili_candidate,BQ_0231,BILI_0095,agent_proposed_unreviewed,normal,B 站候选单元 + Agent 提案待人工复核
RQ_00927,bili_candidate,BQ_0232,BILI_0096,agent_proposed_unreviewed,normal,B 站候选单元 + Agent 提案待人工复核
RQ_00928,bili_candidate,BQ_0233,BILI_0097,agent_proposed_unreviewed,normal,B 站候选单元 + Agent 提案待人工复核
RQ_00929,bili_candidate,BQ_0234,BILI_0097,agent_proposed_unreviewed,normal,B 站候选单元 + Agent 提案待人工复核
RQ_00930,bili_candidate,BQ_0235,BILI_0098,agent_proposed_unreviewed,normal,B 站候选单元 + Agent 提案待人工复核
RQ_00931,bili_candidate,BQ_0236,BILI_0099,agent_proposed_unreviewed,normal,B 站候选单元 + Agent 提案待人工复核
RQ_00932,bili_candidate,BQ_0237,BILI_0099,agent_proposed_unreviewed,normal,B 站候选单元 + Agent 提案待人工复核
RQ_00933,bili_candidate,BQ_0238,BILI_0100,agent_proposed_unreviewed,normal,B 站候选单元 + Agent 提案待人工复核
RQ_00934,bili_candidate,BQ_0239,BILI_0100,agent_proposed_unreviewed,normal,B 站候选单元 + Agent 提案待人工复核
RQ_00935,bili_candidate,BQ_0240,BILI_0100,agent_proposed_unreviewed,normal,B 站候选单元 + Agent 提案待人工复核
RQ_00936,bili_candidate,BQ_0241,BILI_0100,agent_proposed_unreviewed,normal,B 站候选单元 + Agent 提案待人工复核
RQ_00937,bili_candidate,BQ_0242,BILI_0101,agent_proposed_unreviewed,normal,B 站候选单元 + Agent 提案待人工复核
RQ_00938,bili_candidate,BQ_0243,BILI_0102,agent_proposed_unreviewed,normal,B 站候选单元 + Agent 提案待人工复核
RQ_00939,bili_candidate,BQ_0244,BILI_0103,agent_proposed_unreviewed,normal,B 站候选单元 + Agent 提案待人工复核
RQ_00940,bili_candidate,BQ_0245,BILI_0104,agent_proposed_unreviewed,normal,B 站候选单元 + Agent 提案待人工复核
RQ_00941,bili_candidate,BQ_0246,BILI_0105,agent_proposed_unreviewed,normal,B 站候选单元 + Agent 提案待人工复核
RQ_00942,bili_candidate,BQ_0247,BILI_0106,agent_proposed_unreviewed,normal,B 站候选单元 + Agent 提案待人工复核
RQ_00943,bili_candidate,BQ_0248,BILI_0106,agent_proposed_unreviewed,normal,B 站候选单元 + Agent 提案待人工复核
RQ_00944,bili_candidate,BQ_0249,BILI_0106,agent_proposed_unreviewed,normal,B 站候选单元 + Agent 提案待人工复核
RQ_00945,bili_candidate,BQ_0250,BILI_0106,agent_proposed_unreviewed,normal,B 站候选单元 + Agent 提案待人工复核
RQ_00946,bili_candidate,BQ_0251,BILI_0106,agent_proposed_unreviewed,normal,B 站候选单元 + Agent 提案待人工复核
RQ_00947,bili_candidate,BQ_0252,BILI_0106,agent_proposed_unreviewed,normal,B 站候选单元 + Agent 提案待人工复核
RQ_00948,bili_candidate,BQ_0253,BILI_0107,agent_proposed_unreviewed,normal,B 站候选单元 + Agent 提案待人工复核
RQ_00949,bili_candidate,BQ_0254,BILI_0108,agent_proposed_unreviewed,normal,B 站候选单元 + Agent 提案待人工复核
RQ_00950,bili_candidate,BQ_0255,BILI_0108,agent_proposed_unreviewed,normal,B 站候选单元 + Agent 提案待人工复核
RQ_00951,bili_candidate,BQ_0256,BILI_0108,agent_proposed_unreviewed,normal,B 站候选单元 + Agent 提案待人工复核
RQ_00952,bili_candidate,BQ_0257,BILI_0109,agent_proposed_unreviewed,normal,B 站候选单元 + Agent 提案待人工复核
RQ_00953,bili_candidate,BQ_0258,BILI_0110,agent_proposed_unreviewed,normal,B 站候选单元 + Agent 提案待人工复核
RQ_00954,bili_candidate,BQ_0259,BILI_0110,agent_proposed_unreviewed,normal,B 站候选单元 + Agent 提案待人工复核
RQ_00955,bili_candidate,BQ_0260,BILI_0111,agent_proposed_unreviewed,normal,B 站候选单元 + Agent 提案待人工复核
RQ_00956,bili_candidate,BQ_0261,BILI_0112,agent_proposed_unreviewed,normal,B 站候选单元 + Agent 提案待人工复核
RQ_00957,bili_candidate,BQ_0262,BILI_0112,agent_proposed_unreviewed,normal,B 站候选单元 + Agent 提案待人工复核
RQ_00958,bili_candidate,BQ_0263,BILI_0112,agent_proposed_unreviewed,normal,B 站候选单元 + Agent 提案待人工复核
RQ_00959,bili_candidate,BQ_0264,BILI_0112,agent_proposed_unreviewed,normal,B 站候选单元 + Agent 提案待人工复核
RQ_00960,bili_candidate,BQ_0265,BILI_0113,agent_proposed_unreviewed,normal,B 站候选单元 + Agent 提案待人工复核
RQ_00961,bili_candidate,BQ_0266,BILI_0113,agent_proposed_unreviewed,normal,B 站候选单元 + Agent 提案待人工复核
RQ_00962,bili_candidate,BQ_0267,BILI_0113,agent_proposed_unreviewed,normal,B 站候选单元 + Agent 提案待人工复核
RQ_00963,bili_candidate,BQ_0268,BILI_0113,agent_proposed_unreviewed,normal,B 站候选单元 + Agent 提案待人工复核
RQ_00964,bili_candidate,BQ_0269,BILI_0113,agent_proposed_unreviewed,normal,B 站候选单元 + Agent 提案待人工复核
RQ_00965,bili_candidate,BQ_0270,BILI_0113,agent_proposed_unreviewed,normal,B 站候选单元 + Agent 提案待人工复核
RQ_00966,bili_candidate,BQ_0271,BILI_0114,agent_proposed_unreviewed,normal,B 站候选单元 + Agent 提案待人工复核
RQ_00967,bili_candidate,BQ_0272,BILI_0115,agent_proposed_unreviewed,normal,B 站候选单元 + Agent 提案待人工复核
RQ_00968,bili_candidate,BQ_0273,BILI_0116,agent_proposed_unreviewed,normal,B 站候选单元 + Agent 提案待人工复核
RQ_00969,bili_candidate,BQ_0274,BILI_0117,agent_proposed_unreviewed,normal,B 站候选单元 + Agent 提案待人工复核
RQ_00970,bili_candidate,BQ_0275,BILI_0117,agent_proposed_unreviewed,normal,B 站候选单元 + Agent 提案待人工复核
RQ_00971,bili_candidate,BQ_0276,BILI_0118,agent_proposed_unreviewed,normal,B 站候选单元 + Agent 提案待人工复核
RQ_00972,bili_candidate,BQ_0277,BILI_0119,agent_proposed_unreviewed,normal,B 站候选单元 + Agent 提案待人工复核
RQ_00973,bili_candidate,BQ_0278,BILI_0120,agent_proposed_unreviewed,normal,B 站候选单元 + Agent 提案待人工复核
RQ_00974,bili_candidate,BQ_0279,BILI_0120,agent_proposed_unreviewed,normal,B 站候选单元 + Agent 提案待人工复核
RQ_00975,ambiguous_evidence,83_u2,,pending_human_resolution,high,歧义证据待人工确认候选
RQ_00976,ambiguous_evidence,96_u3,,pending_human_resolution,high,歧义证据待人工确认候选
